Name,Shop Code,Latitude,Longitude,Full Address,Zip Code,Images,Website,Coffee_Menu_Items
Pavement Coffeehouse - Allston,BOS-AL-101,42.3502999,-71.1678518,"1243 Commonwealth Ave, Allston, MA 02134, United States",2134,https://lh3.googleusercontent.com/gps-cs-s/AHVAwepQIt8yLPKUmMSPJG8dWY5VsuDw2xSz3ELMH5sBuGmCf97x7S6iobjYhBX3UH44nIhccjW6OXimDFG5VETeKTO4PjarPHlyFD0UXdP0XekKZ6xephujkFaer1R3U-27PqJpxKduBA=w114-h86-k-no | https://lh3.googleusercontent.com/gps-cs-s/AHVAwerqOTJDigTy-BtLv1IV_QfJ8rp9E245Q7ahlW1EE9-Xu4TZj1EE0v4jovJHm9jgm6WFttILjwTqPn8P-At6ohcvCtaC1fsthsFis4XRctkWYgpbW3xacDtinXiZiLmO1zavZErS=w114-h86-k-no | https://lh3.googleusercontent.com/gps-cs-s/AHVAweoPNcJ6fV_YPuZR7iVNKxrsZaW9YPYqCHaMrDk8cLp3RWF3rjD4Blb77B8B0VQ1LvqLbV-_AzioQc_clP0fCOTBJGXGoedQhsx7-nEHuqLiNfn0rsuSF6fYCqoXhnUAPHKxfQleIg=w86-h114-k-no | https://lh3.googleusercontent.com/gps-cs-s/AHVAweqtDYYjRYZqHNlIlT2dcSDL5aQ0vqs0ghHsZ2Cx4B81QGdX6j7G1j-cAZGqrcsijAEH7IidneECJt-rkKWEYPUn5ALSB1J-YABntKjfaK4dbvmqbPkm7JKbSgmWGPn10yBKSfw7XA=w152-h86-k-no | https://lh3.googleusercontent.com/gps-cs-s/AHVAweo-59o2BXyXE-b4ujy_Do8HKg8s712Pa7jM0MmyDvf6F82COt0xqNI7iLVVZ-GE97RQUjncfr7BkQMR_fzRWCTLLGd7cStJ2Tb3z7eE21FxkEpWTbFHkSXA6pUmABFF2OxzFfjzOQ=w114-h86-k-no,http://pavementcoffeehouse.com/,Menu detected but no text items found (Maybe Image/PDF)
Cafe Weekend,BOS-AL-102,42.3502999,-71.1678518,"120 Harvard Ave, Boston, MA 02134, United States",2134,https://lh3.googleusercontent.com/gps-cs-s/AHVAwepQIt8yLPKUmMSPJG8dWY5VsuDw2xSz3ELMH5sBuGmCf97x7S6iobjYhBX3UH44nIhccjW6OXimDFG5VETeKTO4PjarPHlyFD0UXdP0XekKZ6xephujkFaer1R3U-27PqJpxKduBA=w32-h32-p-k-no | https://lh3.googleusercontent.com/gps-cs-s/AHVAwepQIt8yLPKUmMSPJG8dWY5VsuDw2xSz3ELMH5sBuGmCf97x7S6iobjYhBX3UH44nIhccjW6OXimDFG5VETeKTO4PjarPHlyFD0UXdP0XekKZ6xephujkFaer1R3U-27PqJpxKduBA=w114-h86-k-no | https://lh3.googleusercontent.com/gps-cs-s/AHVAwerqOTJDigTy-BtLv1IV_QfJ8rp9E245Q7ahlW1EE9-Xu4TZj1EE0v4jovJHm9jgm6WFttILjwTqPn8P-At6ohcvCtaC1fsthsFis4XRctkWYgpbW3xacDtinXiZiLmO1zavZErS=w114-h86-k-no | https://lh3.googleusercontent.com/gps-cs-s/AHVAweoPNcJ6fV_YPuZR7iVNKxrsZaW9YPYqCHaMrDk8cLp3RWF3rjD4Blb77B8B0VQ1LvqLbV-_AzioQc_clP0fCOTBJGXGoedQhsx7-nEHuqLiNfn0rsuSF6fYCqoXhnUAPHKxfQleIg=w86-h114-k-no | https://lh3.googleusercontent.com/gps-cs-s/AHVAweqtDYYjRYZqHNlIlT2dcSDL5aQ0vqs0ghHsZ2Cx4B81QGdX6j7G1j-cAZGqrcsijAEH7IidneECJt-rkKWEYPUn5ALSB1J-YABntKjfaK4dbvmqbPkm7JKbSgmWGPn10yBKSfw7XA=w152-h86-k-no,https://cafeweekend120.wixsite.com/cafeweekend,Menu detected but no text items found (Maybe Image/PDF)
Kohi Coffee Company,BOS-AL-103,42.3502999,-71.1678518,"92 Guest St, Boston, MA 02135, United States",2135,https://lh3.googleusercontent.com/gps-cs-s/AHVAweoPNcJ6fV_YPuZR7iVNKxrsZaW9YPYqCHaMrDk8cLp3RWF3rjD4Blb77B8B0VQ1LvqLbV-_AzioQc_clP0fCOTBJGXGoedQhsx7-nEHuqLiNfn0rsuSF6fYCqoXhnUAPHKxfQleIg=w32-h32-p-k-no | https://lh3.googleusercontent.com/gps-cs-s/AHVAwepQIt8yLPKUmMSPJG8dWY5VsuDw2xSz3ELMH5sBuGmCf97x7S6iobjYhBX3UH44nIhccjW6OXimDFG5VETeKTO4PjarPHlyFD0UXdP0XekKZ6xephujkFaer1R3U-27PqJpxKduBA=w32-h32-p-k-no | https://lh3.googleusercontent.com/gps-cs-s/AHVAwepQIt8yLPKUmMSPJG8dWY5VsuDw2xSz3ELMH5sBuGmCf97x7S6iobjYhBX3UH44nIhccjW6OXimDFG5VETeKTO4PjarPHlyFD0UXdP0XekKZ6xephujkFaer1R3U-27PqJpxKduBA=w114-h86-k-no | https://lh3.googleusercontent.com/gps-cs-s/AHVAwerqOTJDigTy-BtLv1IV_QfJ8rp9E245Q7ahlW1EE9-Xu4TZj1EE0v4jovJHm9jgm6WFttILjwTqPn8P-At6ohcvCtaC1fsthsFis4XRctkWYgpbW3xacDtinXiZiLmO1zavZErS=w114-h86-k-no | https://lh3.googleusercontent.com/gps-cs-s/AHVAweoPNcJ6fV_YPuZR7iVNKxrsZaW9YPYqCHaMrDk8cLp3RWF3rjD4Blb77B8B0VQ1LvqLbV-_AzioQc_clP0fCOTBJGXGoedQhsx7-nEHuqLiNfn0rsuSF6fYCqoXhnUAPHKxfQleIg=w86-h114-k-no,http://www.kohicoffee.com/,Menu detected but no text items found (Maybe Image/PDF)
Glasser Coffee Co.,BOS-AL-104,42.3505283,-71.2016797,"589 Washington St, Brighton, MA 02135, United States",2135,https://lh3.googleusercontent.com/gps-cs-s/AHVAweo-59o2BXyXE-b4ujy_Do8HKg8s712Pa7jM0MmyDvf6F82COt0xqNI7iLVVZ-GE97RQUjncfr7BkQMR_fzRWCTLLGd7cStJ2Tb3z7eE21FxkEpWTbFHkSXA6pUmABFF2OxzFfjzOQ=w32-h32-p-k-no | https://lh3.googleusercontent.com/gps-cs-s/AHVAweoPNcJ6fV_YPuZR7iVNKxrsZaW9YPYqCHaMrDk8cLp3RWF3rjD4Blb77B8B0VQ1LvqLbV-_AzioQc_clP0fCOTBJGXGoedQhsx7-nEHuqLiNfn0rsuSF6fYCqoXhnUAPHKxfQleIg=w32-h32-p-k-no | https://lh3.googleusercontent.com/gps-cs-s/AHVAwepQIt8yLPKUmMSPJG8dWY5VsuDw2xSz3ELMH5sBuGmCf97x7S6iobjYhBX3UH44nIhccjW6OXimDFG5VETeKTO4PjarPHlyFD0UXdP0XekKZ6xephujkFaer1R3U-27PqJpxKduBA=w114-h86-k-no | https://lh3.googleusercontent.com/gps-cs-s/AHVAwerqOTJDigTy-BtLv1IV_QfJ8rp9E245Q7ahlW1EE9-Xu4TZj1EE0v4jovJHm9jgm6WFttILjwTqPn8P-At6ohcvCtaC1fsthsFis4XRctkWYgpbW3xacDtinXiZiLmO1zavZErS=w114-h86-k-no | https://lh3.googleusercontent.com/gps-cs-s/AHVAweoPNcJ6fV_YPuZR7iVNKxrsZaW9YPYqCHaMrDk8cLp3RWF3rjD4Blb77B8B0VQ1LvqLbV-_AzioQc_clP0fCOTBJGXGoedQhsx7-nEHuqLiNfn0rsuSF6fYCqoXhnUAPHKxfQleIg=w86-h114-k-no,https://www.glassercoffee.co/,Menu detected but no text items found (Maybe Image/PDF)
Cafenation Cafe & Roastery,BOS-AL-105,42.3505283,-71.2016797,"380 Washington St, Brighton, MA 02135, United States",2135,https://lh3.googleusercontent.com/gps-cs-s/AHVAweoczdo_lIT-DwHhwYcZSvVvs8U_W5RsfD2Uubr3HRmtRlGAaqRAfTdF222Shud9Q3wT6RDRp3C5s_ymDeUMW-DpdEJmD-UBHASjaIzO2_n272GVtxUDBfUUKzd2Q_WSUnNZ6NzQ=w32-h32-p-k-no | https://lh3.googleusercontent.com/gps-cs-s/AHVAweo-59o2BXyXE-b4ujy_Do8HKg8s712Pa7jM0MmyDvf6F82COt0xqNI7iLVVZ-GE97RQUjncfr7BkQMR_fzRWCTLLGd7cStJ2Tb3z7eE21FxkEpWTbFHkSXA6pUmABFF2OxzFfjzOQ=w32-h32-p-k-no | https://lh3.googleusercontent.com/gps-cs-s/AHVAwepQIt8yLPKUmMSPJG8dWY5VsuDw2xSz3ELMH5sBuGmCf97x7S6iobjYhBX3UH44nIhccjW6OXimDFG5VETeKTO4PjarPHlyFD0UXdP0XekKZ6xephujkFaer1R3U-27PqJpxKduBA=w114-h86-k-no | https://lh3.googleusercontent.com/gps-cs-s/AHVAwerqOTJDigTy-BtLv1IV_QfJ8rp9E245Q7ahlW1EE9-Xu4TZj1EE0v4jovJHm9jgm6WFttILjwTqPn8P-At6ohcvCtaC1fsthsFis4XRctkWYgpbW3xacDtinXiZiLmO1zavZErS=w114-h86-k-no | https://lh3.googleusercontent.com/gps-cs-s/AHVAweoPNcJ6fV_YPuZR7iVNKxrsZaW9YPYqCHaMrDk8cLp3RWF3rjD4Blb77B8B0VQ1LvqLbV-_AzioQc_clP0fCOTBJGXGoedQhsx7-nEHuqLiNfn0rsuSF6fYCqoXhnUAPHKxfQleIg=w86-h114-k-no,http://www.cafenation.com/,Menu detected but no text items found (Maybe Image/PDF)
In House Cafe,BOS-AL-106,42.3505283,-71.2016797,"132 Chestnut Hill Ave, Brighton, MA 02135, United States",2135,https://lh3.googleusercontent.com/gps-cs-s/AHVAwerBYU3fm64BhdHCnLoZ9EHIdqWX4XV1dvOdhVRiqHvn30qQ5QIHYTqx1VIr1xlurBneCWB5His4wdE8mKLeISX6I80LG7cs0K-QGpeX6fonbERcEeJkTU7cayPzItUU5NWiAy6c=w32-h32-p-k-no | https://lh3.googleusercontent.com/gps-cs-s/AHVAweoczdo_lIT-DwHhwYcZSvVvs8U_W5RsfD2Uubr3HRmtRlGAaqRAfTdF222Shud9Q3wT6RDRp3C5s_ymDeUMW-DpdEJmD-UBHASjaIzO2_n272GVtxUDBfUUKzd2Q_WSUnNZ6NzQ=w32-h32-p-k-no | https://lh3.googleusercontent.com/gps-cs-s/AHVAwepQIt8yLPKUmMSPJG8dWY5VsuDw2xSz3ELMH5sBuGmCf97x7S6iobjYhBX3UH44nIhccjW6OXimDFG5VETeKTO4PjarPHlyFD0UXdP0XekKZ6xephujkFaer1R3U-27PqJpxKduBA=w114-h86-k-no | https://lh3.googleusercontent.com/gps-cs-s/AHVAwerqOTJDigTy-BtLv1IV_QfJ8rp9E245Q7ahlW1EE9-Xu4TZj1EE0v4jovJHm9jgm6WFttILjwTqPn8P-At6ohcvCtaC1fsthsFis4XRctkWYgpbW3xacDtinXiZiLmO1zavZErS=w114-h86-k-no | https://lh3.googleusercontent.com/gps-cs-s/AHVAweoPNcJ6fV_YPuZR7iVNKxrsZaW9YPYqCHaMrDk8cLp3RWF3rjD4Blb77B8B0VQ1LvqLbV-_AzioQc_clP0fCOTBJGXGoedQhsx7-nEHuqLiNfn0rsuSF6fYCqoXhnUAPHKxfQleIg=w86-h114-k-no,http://inhousecafe.com/,Menu detected but no text items found (Maybe Image/PDF)
Tatte Bakery & Cafe | Harvard Square,BOS-AL-107,42.3726069,-71.1530145,"1288 Massachusetts Ave, Cambridge, MA 02138, United States",2138,https://lh3.googleusercontent.com/gps-cs-s/AHVAweo5EYtuo-O_jt34DCQAnySjVReiX1C15EuQ_7aZ9qyYtLiBz5tMUMPRHAG0PPMH3jGM4WP3wXWVXaTkNny8emSTa8N0UeyVy5MJboqcgIPlvQ91dq4hZ12zsb6pIjgTSfWnlhdiiQ=w32-h32-p-k-no | https://lh3.googleusercontent.com/gps-cs-s/AHVAwerBYU3fm64BhdHCnLoZ9EHIdqWX4XV1dvOdhVRiqHvn30qQ5QIHYTqx1VIr1xlurBneCWB5His4wdE8mKLeISX6I80LG7cs0K-QGpeX6fonbERcEeJkTU7cayPzItUU5NWiAy6c=w32-h32-p-k-no | https://lh3.googleusercontent.com/gps-cs-s/AHVAwepQIt8yLPKUmMSPJG8dWY5VsuDw2xSz3ELMH5sBuGmCf97x7S6iobjYhBX3UH44nIhccjW6OXimDFG5VETeKTO4PjarPHlyFD0UXdP0XekKZ6xephujkFaer1R3U-27PqJpxKduBA=w114-h86-k-no | https://lh3.googleusercontent.com/gps-cs-s/AHVAwerqOTJDigTy-BtLv1IV_QfJ8rp9E245Q7ahlW1EE9-Xu4TZj1EE0v4jovJHm9jgm6WFttILjwTqPn8P-At6ohcvCtaC1fsthsFis4XRctkWYgpbW3xacDtinXiZiLmO1zavZErS=w114-h86-k-no | https://lh3.googleusercontent.com/gps-cs-s/AHVAweoPNcJ6fV_YPuZR7iVNKxrsZaW9YPYqCHaMrDk8cLp3RWF3rjD4Blb77B8B0VQ1LvqLbV-_AzioQc_clP0fCOTBJGXGoedQhsx7-nEHuqLiNfn0rsuSF6fYCqoXhnUAPHKxfQleIg=w86-h114-k-no,https://tattebakery.com/,"Iced Black Sesame Latte - 16 oz, Black Sesame Latte - 12 oz"
Oba Bakery & Cafe,BOS-AL-108,42.3520807,-71.1619237,"16 Brighton Ave, Boston, MA 02134, United States",2134,https://lh3.googleusercontent.com/gps-cs-s/AHVAweq8r40pfNdn3eK5trc4oBYhQuyISsZ3SPTku6i2Y8glWqUOHvBZjBUNrEk3DeLnSX7b_5qeTsyxZVPUBHzuhAYGRh53jfoqecRDr9JpEAVCtSB-C1F4m6i4N4G7ZjM1JAEUWdGFyg=w32-h32-p-k-no | https://lh3.googleusercontent.com/gps-cs-s/AHVAweo5EYtuo-O_jt34DCQAnySjVReiX1C15EuQ_7aZ9qyYtLiBz5tMUMPRHAG0PPMH3jGM4WP3wXWVXaTkNny8emSTa8N0UeyVy5MJboqcgIPlvQ91dq4hZ12zsb6pIjgTSfWnlhdiiQ=w32-h32-p-k-no | https://lh3.googleusercontent.com/gps-cs-s/AHVAwepQIt8yLPKUmMSPJG8dWY5VsuDw2xSz3ELMH5sBuGmCf97x7S6iobjYhBX3UH44nIhccjW6OXimDFG5VETeKTO4PjarPHlyFD0UXdP0XekKZ6xephujkFaer1R3U-27PqJpxKduBA=w114-h86-k-no | https://lh3.googleusercontent.com/gps-cs-s/AHVAwerqOTJDigTy-BtLv1IV_QfJ8rp9E245Q7ahlW1EE9-Xu4TZj1EE0v4jovJHm9jgm6WFttILjwTqPn8P-At6ohcvCtaC1fsthsFis4XRctkWYgpbW3xacDtinXiZiLmO1zavZErS=w114-h86-k-no | https://lh3.googleusercontent.com/gps-cs-s/AHVAweoPNcJ6fV_YPuZR7iVNKxrsZaW9YPYqCHaMrDk8cLp3RWF3rjD4Blb77B8B0VQ1LvqLbV-_AzioQc_clP0fCOTBJGXGoedQhsx7-nEHuqLiNfn0rsuSF6fYCqoXhnUAPHKxfQleIg=w86-h114-k-no,http://www.obabakerycafe.com/,Menu detected but no text items found (Maybe Image/PDF)
Tatte Bakery & Cafe | Coolidge Corner,BOS-AL-109,42.3520807,-71.1619237,"420 Harvard St, Brookline, MA 02446, United States",2446,https://lh3.googleusercontent.com/gps-cs-s/AHVAweowKziY_D9SVrLVj8Gw8TcS_Q6EmyHq2Em997EWLEHFFe9A7J2834_R4PgAMM_ORb7sPGaV4Ngpy8bQ9H1CTQeDdAtwZE1aohN0JM0Oi1ooqTYKrK3Rj3P28gdiEzg7cILsc0pam0UAM6PR=w32-h32-p-k-no | https://lh3.googleusercontent.com/gps-cs-s/AHVAweq8r40pfNdn3eK5trc4oBYhQuyISsZ3SPTku6i2Y8glWqUOHvBZjBUNrEk3DeLnSX7b_5qeTsyxZVPUBHzuhAYGRh53jfoqecRDr9JpEAVCtSB-C1F4m6i4N4G7ZjM1JAEUWdGFyg=w32-h32-p-k-no | https://lh3.googleusercontent.com/gps-cs-s/AHVAwepQIt8yLPKUmMSPJG8dWY5VsuDw2xSz3ELMH5sBuGmCf97x7S6iobjYhBX3UH44nIhccjW6OXimDFG5VETeKTO4PjarPHlyFD0UXdP0XekKZ6xephujkFaer1R3U-27PqJpxKduBA=w114-h86-k-no | https://lh3.googleusercontent.com/gps-cs-s/AHVAwerqOTJDigTy-BtLv1IV_QfJ8rp9E245Q7ahlW1EE9-Xu4TZj1EE0v4jovJHm9jgm6WFttILjwTqPn8P-At6ohcvCtaC1fsthsFis4XRctkWYgpbW3xacDtinXiZiLmO1zavZErS=w114-h86-k-no | https://lh3.googleusercontent.com/gps-cs-s/AHVAweoPNcJ6fV_YPuZR7iVNKxrsZaW9YPYqCHaMrDk8cLp3RWF3rjD4Blb77B8B0VQ1LvqLbV-_AzioQc_clP0fCOTBJGXGoedQhsx7-nEHuqLiNfn0rsuSF6fYCqoXhnUAPHKxfQleIg=w86-h114-k-no,https://tattebakery.com/,"Iced Black Sesame Latte - 16 oz, Black Sesame Latte - 12 oz"
Clear Flour Coffee Bar,BOS-AL-110,42.3520807,-71.1619237,"180 Thorndike St, Brookline, MA 02446, United States",2446,https://lh3.googleusercontent.com/gps-cs-s/AHVAweo6LSY8SpeTV33VYfB3qPPeAK2QNqYA9wyunx4qITIn3VMOIHDV_qXdR3uahafJeIxun5sSVZ2kHCIAB2jUL3zJi4sagsnpQ1K0_jjNltMuwHET7LtBYMKWXkNHgBle_GlkuyPFxg=w32-h32-p-k-no | https://lh3.googleusercontent.com/gps-cs-s/AHVAweowKziY_D9SVrLVj8Gw8TcS_Q6EmyHq2Em997EWLEHFFe9A7J2834_R4PgAMM_ORb7sPGaV4Ngpy8bQ9H1CTQeDdAtwZE1aohN0JM0Oi1ooqTYKrK3Rj3P28gdiEzg7cILsc0pam0UAM6PR=w32-h32-p-k-no | https://lh3.googleusercontent.com/gps-cs-s/AHVAwepQIt8yLPKUmMSPJG8dWY5VsuDw2xSz3ELMH5sBuGmCf97x7S6iobjYhBX3UH44nIhccjW6OXimDFG5VETeKTO4PjarPHlyFD0UXdP0XekKZ6xephujkFaer1R3U-27PqJpxKduBA=w114-h86-k-no | https://lh3.googleusercontent.com/gps-cs-s/AHVAwerqOTJDigTy-BtLv1IV_QfJ8rp9E245Q7ahlW1EE9-Xu4TZj1EE0v4jovJHm9jgm6WFttILjwTqPn8P-At6ohcvCtaC1fsthsFis4XRctkWYgpbW3xacDtinXiZiLmO1zavZErS=w114-h86-k-no | https://lh3.googleusercontent.com/gps-cs-s/AHVAweoPNcJ6fV_YPuZR7iVNKxrsZaW9YPYqCHaMrDk8cLp3RWF3rjD4Blb77B8B0VQ1LvqLbV-_AzioQc_clP0fCOTBJGXGoedQhsx7-nEHuqLiNfn0rsuSF6fYCqoXhnUAPHKxfQleIg=w86-h114-k-no,https://clearflourbread.com/,Menu detected but no text items found (Maybe Image/PDF)
NY Bagel and Coffee Co,BOS-AL-111,42.3520807,-71.1619237,"111 Brighton Ave, Boston, MA 02134, United States",2134,https://lh3.googleusercontent.com/gps-cs-s/AHVAwepgCwm64Wt6a5EJKJ7CHE3nTYA5QJvY3P8fqelyA4a8pFvSDOQt3DDVsTOpbal6LrS31tWE6vzz_Rbr3ilQDSVTchxYJ_4hhDJD8lfRGE6r5uVGBVlyLh8626sXcIjHgrflV-Wf=w32-h32-p-k-no | https://lh3.googleusercontent.com/gps-cs-s/AHVAweo6LSY8SpeTV33VYfB3qPPeAK2QNqYA9wyunx4qITIn3VMOIHDV_qXdR3uahafJeIxun5sSVZ2kHCIAB2jUL3zJi4sagsnpQ1K0_jjNltMuwHET7LtBYMKWXkNHgBle_GlkuyPFxg=w32-h32-p-k-no | https://lh3.googleusercontent.com/gps-cs-s/AHVAwepQIt8yLPKUmMSPJG8dWY5VsuDw2xSz3ELMH5sBuGmCf97x7S6iobjYhBX3UH44nIhccjW6OXimDFG5VETeKTO4PjarPHlyFD0UXdP0XekKZ6xephujkFaer1R3U-27PqJpxKduBA=w114-h86-k-no | https://lh3.googleusercontent.com/gps-cs-s/AHVAwerqOTJDigTy-BtLv1IV_QfJ8rp9E245Q7ahlW1EE9-Xu4TZj1EE0v4jovJHm9jgm6WFttILjwTqPn8P-At6ohcvCtaC1fsthsFis4XRctkWYgpbW3xacDtinXiZiLmO1zavZErS=w114-h86-k-no | https://lh3.googleusercontent.com/gps-cs-s/AHVAweoPNcJ6fV_YPuZR7iVNKxrsZaW9YPYqCHaMrDk8cLp3RWF3rjD4Blb77B8B0VQ1LvqLbV-_AzioQc_clP0fCOTBJGXGoedQhsx7-nEHuqLiNfn0rsuSF6fYCqoXhnUAPHKxfQleIg=w86-h114-k-no,https://nybagelandcoffeeco.com/,Menu detected but no text items found (Maybe Image/PDF)
Cafe Mirror,BOS-AL-112,42.3489795,-71.1896324,"362 Washington St, Boston, MA 02135, United States",2135,https://lh3.googleusercontent.com/gps-cs-s/AHVAwepesu9FT_PZmzkfLOepFSk3vfY2tVluco1ZbJ2VAV6uI_UbwBOVr-lZ1atXhj3oWwmoxnie6EN9gog9hJB2BhQQ1iOIcKPTbLHXslA3R26M4MdkNQ8OyVeAUK7Dm-p6-0UaH02uaEZ9umWi=w32-h32-p-k-no | https://lh3.googleusercontent.com/gps-cs-s/AHVAwepgCwm64Wt6a5EJKJ7CHE3nTYA5QJvY3P8fqelyA4a8pFvSDOQt3DDVsTOpbal6LrS31tWE6vzz_Rbr3ilQDSVTchxYJ_4hhDJD8lfRGE6r5uVGBVlyLh8626sXcIjHgrflV-Wf=w32-h32-p-k-no | https://lh3.googleusercontent.com/gps-cs-s/AHVAwepQIt8yLPKUmMSPJG8dWY5VsuDw2xSz3ELMH5sBuGmCf97x7S6iobjYhBX3UH44nIhccjW6OXimDFG5VETeKTO4PjarPHlyFD0UXdP0XekKZ6xephujkFaer1R3U-27PqJpxKduBA=w114-h86-k-no | https://lh3.googleusercontent.com/gps-cs-s/AHVAwerqOTJDigTy-BtLv1IV_QfJ8rp9E245Q7ahlW1EE9-Xu4TZj1EE0v4jovJHm9jgm6WFttILjwTqPn8P-At6ohcvCtaC1fsthsFis4XRctkWYgpbW3xacDtinXiZiLmO1zavZErS=w114-h86-k-no | https://lh3.googleusercontent.com/gps-cs-s/AHVAweoPNcJ6fV_YPuZR7iVNKxrsZaW9YPYqCHaMrDk8cLp3RWF3rjD4Blb77B8B0VQ1LvqLbV-_AzioQc_clP0fCOTBJGXGoedQhsx7-nEHuqLiNfn0rsuSF6fYCqoXhnUAPHKxfQleIg=w86-h114-k-no,,No Website Available
Andala Coffee House,BOS-AL-113,42.3647936,-71.1418459,"286 Franklin St, Cambridge, MA 02139, United States",2139,https://lh3.googleusercontent.com/gps-cs-s/AHVAwepayveL0zNPYyDL6CIxDuFvr45QVR14amvcC71ddsqCSkaNfTRm4SRE0v79nclyoYciXQTmPFY9LVVV1cbOgoW89K-E83UqWTG1w_jfDvXc2F9LEptz8oyLWSxD6nGKiHEF0wkN=w32-h32-p-k-no | https://lh3.googleusercontent.com/gps-cs-s/AHVAwepesu9FT_PZmzkfLOepFSk3vfY2tVluco1ZbJ2VAV6uI_UbwBOVr-lZ1atXhj3oWwmoxnie6EN9gog9hJB2BhQQ1iOIcKPTbLHXslA3R26M4MdkNQ8OyVeAUK7Dm-p6-0UaH02uaEZ9umWi=w32-h32-p-k-no | https://lh3.googleusercontent.com/gps-cs-s/AHVAwepQIt8yLPKUmMSPJG8dWY5VsuDw2xSz3ELMH5sBuGmCf97x7S6iobjYhBX3UH44nIhccjW6OXimDFG5VETeKTO4PjarPHlyFD0UXdP0XekKZ6xephujkFaer1R3U-27PqJpxKduBA=w114-h86-k-no | https://lh3.googleusercontent.com/gps-cs-s/AHVAwerqOTJDigTy-BtLv1IV_QfJ8rp9E245Q7ahlW1EE9-Xu4TZj1EE0v4jovJHm9jgm6WFttILjwTqPn8P-At6ohcvCtaC1fsthsFis4XRctkWYgpbW3xacDtinXiZiLmO1zavZErS=w114-h86-k-no | https://lh3.googleusercontent.com/gps-cs-s/AHVAweoPNcJ6fV_YPuZR7iVNKxrsZaW9YPYqCHaMrDk8cLp3RWF3rjD4Blb77B8B0VQ1LvqLbV-_AzioQc_clP0fCOTBJGXGoedQhsx7-nEHuqLiNfn0rsuSF6fYCqoXhnUAPHKxfQleIg=w86-h114-k-no,http://andalacoffee.com/,Menu detected but no text items found (Maybe Image/PDF)
Dash Cafe,BOS-AL-114,42.3494768,-71.1857436,"5 Henshaw St, Brighton, MA 02135, United States",2135,https://lh3.googleusercontent.com/gps-cs-s/AHVAwepeeaztiwTD12xcBSqmixuHQCTxVZoWf0J8fj9d7ZqBfJs5a6P_Brq1u6EpLexR3WWXdCXESBrjVxMvk-8jgt_mC-NdyAKH7jJ4JETsYdH2EuY3LraTDvKm4SeWSMoMllMfw7GM=w32-h32-p-k-no | https://lh3.googleusercontent.com/gps-cs-s/AHVAwepayveL0zNPYyDL6CIxDuFvr45QVR14amvcC71ddsqCSkaNfTRm4SRE0v79nclyoYciXQTmPFY9LVVV1cbOgoW89K-E83UqWTG1w_jfDvXc2F9LEptz8oyLWSxD6nGKiHEF0wkN=w32-h32-p-k-no | https://lh3.googleusercontent.com/gps-cs-s/AHVAwepQIt8yLPKUmMSPJG8dWY5VsuDw2xSz3ELMH5sBuGmCf97x7S6iobjYhBX3UH44nIhccjW6OXimDFG5VETeKTO4PjarPHlyFD0UXdP0XekKZ6xephujkFaer1R3U-27PqJpxKduBA=w114-h86-k-no | https://lh3.googleusercontent.com/gps-cs-s/AHVAwerqOTJDigTy-BtLv1IV_QfJ8rp9E245Q7ahlW1EE9-Xu4TZj1EE0v4jovJHm9jgm6WFttILjwTqPn8P-At6ohcvCtaC1fsthsFis4XRctkWYgpbW3xacDtinXiZiLmO1zavZErS=w114-h86-k-no | https://lh3.googleusercontent.com/gps-cs-s/AHVAweoPNcJ6fV_YPuZR7iVNKxrsZaW9YPYqCHaMrDk8cLp3RWF3rjD4Blb77B8B0VQ1LvqLbV-_AzioQc_clP0fCOTBJGXGoedQhsx7-nEHuqLiNfn0rsuSF6fYCqoXhnUAPHKxfQleIg=w86-h114-k-no,http://www.dashcafe.net/,Menu detected but no text items found (Maybe Image/PDF)
Starbucks Coffee Company,BOS-AL-115,42.3494768,-71.1857436,"305 Guest St, Allston, MA 02134, United States",2134,https://lh3.googleusercontent.com/gps-cs-s/AHVAwer7DGtR3LNMrXJGrJ9u19SR9xI2ldBlTT4oNK0unGEGEgGcME5sGI0q2tbUtGe-dj8Ex7mzuPpQRunbXVXmIA7QuIqmRZhHJXE2ls5GA3cGgaLhgSPa0ecDh1KTPXMxvgI60gMJ=w32-h32-p-k-no | https://lh3.googleusercontent.com/gps-cs-s/AHVAwepeeaztiwTD12xcBSqmixuHQCTxVZoWf0J8fj9d7ZqBfJs5a6P_Brq1u6EpLexR3WWXdCXESBrjVxMvk-8jgt_mC-NdyAKH7jJ4JETsYdH2EuY3LraTDvKm4SeWSMoMllMfw7GM=w32-h32-p-k-no | https://lh3.googleusercontent.com/gps-cs-s/AHVAwepQIt8yLPKUmMSPJG8dWY5VsuDw2xSz3ELMH5sBuGmCf97x7S6iobjYhBX3UH44nIhccjW6OXimDFG5VETeKTO4PjarPHlyFD0UXdP0XekKZ6xephujkFaer1R3U-27PqJpxKduBA=w114-h86-k-no | https://lh3.googleusercontent.com/gps-cs-s/AHVAwerqOTJDigTy-BtLv1IV_QfJ8rp9E245Q7ahlW1EE9-Xu4TZj1EE0v4jovJHm9jgm6WFttILjwTqPn8P-At6ohcvCtaC1fsthsFis4XRctkWYgpbW3xacDtinXiZiLmO1zavZErS=w114-h86-k-no | https://lh3.googleusercontent.com/gps-cs-s/AHVAweoPNcJ6fV_YPuZR7iVNKxrsZaW9YPYqCHaMrDk8cLp3RWF3rjD4Blb77B8B0VQ1LvqLbV-_AzioQc_clP0fCOTBJGXGoedQhsx7-nEHuqLiNfn0rsuSF6fYCqoXhnUAPHKxfQleIg=w86-h114-k-no,,No Website Available
Cafe Lava and Bento,BOS-AL-116,42.3494768,-71.1857436,"298 Washington St, Brighton, MA 02135, United States",2135,https://lh3.googleusercontent.com/gps-cs-s/AHVAweq__RtLzKSlIuvfFy_vrxAti79omNVZcs5L5mxILJWrsl8_n_RnpxVaCyjlzvn4LsjCeELW4luLc-cZceV3o9CRhmq_pIj5UzHUXRzUqh5juXa3ZdvB1wa4stIlnchTx8GeFF-yghCSTUZh=w32-h32-p-k-no | https://lh3.googleusercontent.com/gps-cs-s/AHVAwer7DGtR3LNMrXJGrJ9u19SR9xI2ldBlTT4oNK0unGEGEgGcME5sGI0q2tbUtGe-dj8Ex7mzuPpQRunbXVXmIA7QuIqmRZhHJXE2ls5GA3cGgaLhgSPa0ecDh1KTPXMxvgI60gMJ=w32-h32-p-k-no | https://lh3.googleusercontent.com/gps-cs-s/AHVAwepQIt8yLPKUmMSPJG8dWY5VsuDw2xSz3ELMH5sBuGmCf97x7S6iobjYhBX3UH44nIhccjW6OXimDFG5VETeKTO4PjarPHlyFD0UXdP0XekKZ6xephujkFaer1R3U-27PqJpxKduBA=w114-h86-k-no | https://lh3.googleusercontent.com/gps-cs-s/AHVAwerqOTJDigTy-BtLv1IV_QfJ8rp9E245Q7ahlW1EE9-Xu4TZj1EE0v4jovJHm9jgm6WFttILjwTqPn8P-At6ohcvCtaC1fsthsFis4XRctkWYgpbW3xacDtinXiZiLmO1zavZErS=w114-h86-k-no | https://lh3.googleusercontent.com/gps-cs-s/AHVAweoPNcJ6fV_YPuZR7iVNKxrsZaW9YPYqCHaMrDk8cLp3RWF3rjD4Blb77B8B0VQ1LvqLbV-_AzioQc_clP0fCOTBJGXGoedQhsx7-nEHuqLiNfn0rsuSF6fYCqoXhnUAPHKxfQleIg=w86-h114-k-no,https://www.cafelavabento.com/,Menu detected but no text items found (Maybe Image/PDF)
Pavement Coffeehouse - BU,BOS-AL-117,42.3497931,-71.1432397,"736 Commonwealth Ave, Brookline, MA 02446, United States",2446,https://lh3.googleusercontent.com/gps-cs-s/AHVAwep8-WGUUzriTLXNm6Ev3PtDHHbqIkzxd4GOcV4sdRJ90xq0HNb4HVqQs7owVkndkDRuvqUUbFaeEYnAznn3QOriBiHZykMVwX49EDNSddW_ixwkPrNOIOch9rVSunsYDHQQqPTg=w32-h32-p-k-no | https://lh3.googleusercontent.com/gps-cs-s/AHVAweq__RtLzKSlIuvfFy_vrxAti79omNVZcs5L5mxILJWrsl8_n_RnpxVaCyjlzvn4LsjCeELW4luLc-cZceV3o9CRhmq_pIj5UzHUXRzUqh5juXa3ZdvB1wa4stIlnchTx8GeFF-yghCSTUZh=w32-h32-p-k-no | https://lh3.googleusercontent.com/gps-cs-s/AHVAwepQIt8yLPKUmMSPJG8dWY5VsuDw2xSz3ELMH5sBuGmCf97x7S6iobjYhBX3UH44nIhccjW6OXimDFG5VETeKTO4PjarPHlyFD0UXdP0XekKZ6xephujkFaer1R3U-27PqJpxKduBA=w114-h86-k-no | https://lh3.googleusercontent.com/gps-cs-s/AHVAwerqOTJDigTy-BtLv1IV_QfJ8rp9E245Q7ahlW1EE9-Xu4TZj1EE0v4jovJHm9jgm6WFttILjwTqPn8P-At6ohcvCtaC1fsthsFis4XRctkWYgpbW3xacDtinXiZiLmO1zavZErS=w114-h86-k-no | https://lh3.googleusercontent.com/gps-cs-s/AHVAweoPNcJ6fV_YPuZR7iVNKxrsZaW9YPYqCHaMrDk8cLp3RWF3rjD4Blb77B8B0VQ1LvqLbV-_AzioQc_clP0fCOTBJGXGoedQhsx7-nEHuqLiNfn0rsuSF6fYCqoXhnUAPHKxfQleIg=w86-h114-k-no,http://pavementcoffeehouse.com/,Menu detected but no text items found (Maybe Image/PDF)
swissbakers,BOS-AL-118,42.3631904,-71.1645166,"168 Western Ave, Boston, MA 02134, United States",2134,https://lh3.googleusercontent.com/gps-cs-s/AHVAweq1TQts54uLPhG8d6QjGpzmlVndyhXnbqQoaZst55EWKUqHytGrWADvfhM3fuK49skrdw2qQBHWVpFUXaMAp4tjQXLR03JoLiQqCBaJivn9fZr8lQWgTWUymGnUNFg_7GTljQrz=w32-h32-p-k-no | https://lh3.googleusercontent.com/gps-cs-s/AHVAwep8-WGUUzriTLXNm6Ev3PtDHHbqIkzxd4GOcV4sdRJ90xq0HNb4HVqQs7owVkndkDRuvqUUbFaeEYnAznn3QOriBiHZykMVwX49EDNSddW_ixwkPrNOIOch9rVSunsYDHQQqPTg=w32-h32-p-k-no | https://lh3.googleusercontent.com/gps-cs-s/AHVAwepQIt8yLPKUmMSPJG8dWY5VsuDw2xSz3ELMH5sBuGmCf97x7S6iobjYhBX3UH44nIhccjW6OXimDFG5VETeKTO4PjarPHlyFD0UXdP0XekKZ6xephujkFaer1R3U-27PqJpxKduBA=w114-h86-k-no | https://lh3.googleusercontent.com/gps-cs-s/AHVAwerqOTJDigTy-BtLv1IV_QfJ8rp9E245Q7ahlW1EE9-Xu4TZj1EE0v4jovJHm9jgm6WFttILjwTqPn8P-At6ohcvCtaC1fsthsFis4XRctkWYgpbW3xacDtinXiZiLmO1zavZErS=w114-h86-k-no | https://lh3.googleusercontent.com/gps-cs-s/AHVAweoPNcJ6fV_YPuZR7iVNKxrsZaW9YPYqCHaMrDk8cLp3RWF3rjD4Blb77B8B0VQ1LvqLbV-_AzioQc_clP0fCOTBJGXGoedQhsx7-nEHuqLiNfn0rsuSF6fYCqoXhnUAPHKxfQleIg=w86-h114-k-no,http://www.swissbakers.com/,Menu detected but no text items found (Maybe Image/PDF)
Turkish Lazuri Cafe,BOS-AL-119,42.3631904,-71.1645166,"1 N Beacon St, Allston, MA 02134, United States",2134,https://lh3.googleusercontent.com/gps-cs-s/AHVAweo6hi-qww_SUeOa5vavVFXGLIfwhcIiQuLhdlJMoedekre1aAw2ks5g_WhINpSGzL9-sp_qUCkMkF95qR_KOKfoD-L5xPu_m7opIp-9NT9av2pjKyz-clrAK53-HUuPXbI16VA0=w32-h32-p-k-no | https://lh3.googleusercontent.com/gps-cs-s/AHVAweq1TQts54uLPhG8d6QjGpzmlVndyhXnbqQoaZst55EWKUqHytGrWADvfhM3fuK49skrdw2qQBHWVpFUXaMAp4tjQXLR03JoLiQqCBaJivn9fZr8lQWgTWUymGnUNFg_7GTljQrz=w32-h32-p-k-no | https://lh3.googleusercontent.com/gps-cs-s/AHVAwepQIt8yLPKUmMSPJG8dWY5VsuDw2xSz3ELMH5sBuGmCf97x7S6iobjYhBX3UH44nIhccjW6OXimDFG5VETeKTO4PjarPHlyFD0UXdP0XekKZ6xephujkFaer1R3U-27PqJpxKduBA=w114-h86-k-no | https://lh3.googleusercontent.com/gps-cs-s/AHVAwerqOTJDigTy-BtLv1IV_QfJ8rp9E245Q7ahlW1EE9-Xu4TZj1EE0v4jovJHm9jgm6WFttILjwTqPn8P-At6ohcvCtaC1fsthsFis4XRctkWYgpbW3xacDtinXiZiLmO1zavZErS=w114-h86-k-no | https://lh3.googleusercontent.com/gps-cs-s/AHVAweoPNcJ6fV_YPuZR7iVNKxrsZaW9YPYqCHaMrDk8cLp3RWF3rjD4Blb77B8B0VQ1LvqLbV-_AzioQc_clP0fCOTBJGXGoedQhsx7-nEHuqLiNfn0rsuSF6fYCqoXhnUAPHKxfQleIg=w86-h114-k-no,,No Website Available
Tatte Bakery & Cafe | Beacon St,BOS-AL-120,42.3631904,-71.1645166,"1003 Beacon St, Brookline, MA 02446, United States",2446,https://lh3.googleusercontent.com/gps-cs-s/AHVAweoyYuqr5BZghBg3O-uqlgNlt1pSnFXwm_DqS4lgfkfwvNG54iQhoX75yd1pxxt2HVSBPgug-TYSF51OOV2_0TY4sRDfLabWHKjCg2eL5IVa2vw-hvagQHIHkg4tMyi4BLKQq_4=w32-h32-p-k-no | https://lh3.googleusercontent.com/gps-cs-s/AHVAweo6hi-qww_SUeOa5vavVFXGLIfwhcIiQuLhdlJMoedekre1aAw2ks5g_WhINpSGzL9-sp_qUCkMkF95qR_KOKfoD-L5xPu_m7opIp-9NT9av2pjKyz-clrAK53-HUuPXbI16VA0=w32-h32-p-k-no | https://lh3.googleusercontent.com/gps-cs-s/AHVAwepQIt8yLPKUmMSPJG8dWY5VsuDw2xSz3ELMH5sBuGmCf97x7S6iobjYhBX3UH44nIhccjW6OXimDFG5VETeKTO4PjarPHlyFD0UXdP0XekKZ6xephujkFaer1R3U-27PqJpxKduBA=w114-h86-k-no | https://lh3.googleusercontent.com/gps-cs-s/AHVAwerqOTJDigTy-BtLv1IV_QfJ8rp9E245Q7ahlW1EE9-Xu4TZj1EE0v4jovJHm9jgm6WFttILjwTqPn8P-At6ohcvCtaC1fsthsFis4XRctkWYgpbW3xacDtinXiZiLmO1zavZErS=w114-h86-k-no | https://lh3.googleusercontent.com/gps-cs-s/AHVAweoPNcJ6fV_YPuZR7iVNKxrsZaW9YPYqCHaMrDk8cLp3RWF3rjD4Blb77B8B0VQ1LvqLbV-_AzioQc_clP0fCOTBJGXGoedQhsx7-nEHuqLiNfn0rsuSF6fYCqoXhnUAPHKxfQleIg=w86-h114-k-no,https://tattebakery.com/,"Iced Black Sesame Latte - 16 oz, Black Sesame Latte - 12 oz"
WFM Coffee Bar,BOS-AL-121,42.3427707,-71.1763515,"15 Washington St, Brighton, MA 02135, United States",2135,https://lh3.googleusercontent.com/gps-cs-s/AHVAweo8x3KFvHsz_NsIMDzk_TplxPNJzohDX50PWNX7uiWmPHcuNje2KbNg06DM0ALc3s3aK18Bpp26CIsG_Ryu4bi5DqVCHG8OKpPIcF9FgPTOsZPof0BA491e2EK-E58UFwE6hqvO2g=w32-h32-p-k-no | https://lh3.googleusercontent.com/gps-cs-s/AHVAweoyYuqr5BZghBg3O-uqlgNlt1pSnFXwm_DqS4lgfkfwvNG54iQhoX75yd1pxxt2HVSBPgug-TYSF51OOV2_0TY4sRDfLabWHKjCg2eL5IVa2vw-hvagQHIHkg4tMyi4BLKQq_4=w32-h32-p-k-no | https://lh3.googleusercontent.com/gps-cs-s/AHVAwepQIt8yLPKUmMSPJG8dWY5VsuDw2xSz3ELMH5sBuGmCf97x7S6iobjYhBX3UH44nIhccjW6OXimDFG5VETeKTO4PjarPHlyFD0UXdP0XekKZ6xephujkFaer1R3U-27PqJpxKduBA=w114-h86-k-no | https://lh3.googleusercontent.com/gps-cs-s/AHVAwerqOTJDigTy-BtLv1IV_QfJ8rp9E245Q7ahlW1EE9-Xu4TZj1EE0v4jovJHm9jgm6WFttILjwTqPn8P-At6ohcvCtaC1fsthsFis4XRctkWYgpbW3xacDtinXiZiLmO1zavZErS=w114-h86-k-no | https://lh3.googleusercontent.com/gps-cs-s/AHVAweoPNcJ6fV_YPuZR7iVNKxrsZaW9YPYqCHaMrDk8cLp3RWF3rjD4Blb77B8B0VQ1LvqLbV-_AzioQc_clP0fCOTBJGXGoedQhsx7-nEHuqLiNfn0rsuSF6fYCqoXhnUAPHKxfQleIg=w86-h114-k-no,http://www.wholefoodsmarket.com/stores/brighton?utm_source=google&utm_medium=organic&utm_campaign=listings,Menu detected but no text items found (Maybe Image/PDF)
Athan's Bakery & Cafe,BOS-AL-122,42.3427707,-71.1763515,"1621 Beacon St, Brookline, MA 02446, United States",2446,https://lh3.googleusercontent.com/gps-cs-s/AHVAwepHMEcmRLnB2JZxhNH1P1aMI_1Xv-qjzg1iRpjyijisUZZKKwK-3FrN-wD3eu5-MphLCfethRTGso5l__QYRyBLk20U8Hk4BSKrBdcGqXNFKVbLRk8kuX-uaDDAONdFmyGZocLY=w32-h32-p-k-no | https://lh3.googleusercontent.com/gps-cs-s/AHVAweo8x3KFvHsz_NsIMDzk_TplxPNJzohDX50PWNX7uiWmPHcuNje2KbNg06DM0ALc3s3aK18Bpp26CIsG_Ryu4bi5DqVCHG8OKpPIcF9FgPTOsZPof0BA491e2EK-E58UFwE6hqvO2g=w32-h32-p-k-no | https://lh3.googleusercontent.com/gps-cs-s/AHVAwepQIt8yLPKUmMSPJG8dWY5VsuDw2xSz3ELMH5sBuGmCf97x7S6iobjYhBX3UH44nIhccjW6OXimDFG5VETeKTO4PjarPHlyFD0UXdP0XekKZ6xephujkFaer1R3U-27PqJpxKduBA=w114-h86-k-no | https://lh3.googleusercontent.com/gps-cs-s/AHVAwerqOTJDigTy-BtLv1IV_QfJ8rp9E245Q7ahlW1EE9-Xu4TZj1EE0v4jovJHm9jgm6WFttILjwTqPn8P-At6ohcvCtaC1fsthsFis4XRctkWYgpbW3xacDtinXiZiLmO1zavZErS=w114-h86-k-no | https://lh3.googleusercontent.com/gps-cs-s/AHVAweoPNcJ6fV_YPuZR7iVNKxrsZaW9YPYqCHaMrDk8cLp3RWF3rjD4Blb77B8B0VQ1LvqLbV-_AzioQc_clP0fCOTBJGXGoedQhsx7-nEHuqLiNfn0rsuSF6fYCqoXhnUAPHKxfQleIg=w86-h114-k-no,http://www.athansbakery.com/,Menu detected but no text items found (Maybe Image/PDF)
Model Cafe,BOS-AL-123,42.3427707,-71.1763515,"7 N Beacon St, Boston, MA 02134, United States",2134,https://lh3.googleusercontent.com/gps-cs-s/AHVAweoFqlf5sTco0WCv6YTxjcCioUBhUUsHO922wdTEY2MgkpabKDQrrYAdyMJ8YCpYhB_r4JfVqSfUz0IKgFgx4MOdJYheSbs96TFH4RPYjzh_xawajWONZdk305yrmDvM8ZnlLFk=w32-h32-p-k-no | https://lh3.googleusercontent.com/gps-cs-s/AHVAwepHMEcmRLnB2JZxhNH1P1aMI_1Xv-qjzg1iRpjyijisUZZKKwK-3FrN-wD3eu5-MphLCfethRTGso5l__QYRyBLk20U8Hk4BSKrBdcGqXNFKVbLRk8kuX-uaDDAONdFmyGZocLY=w32-h32-p-k-no | https://lh3.googleusercontent.com/gps-cs-s/AHVAwepQIt8yLPKUmMSPJG8dWY5VsuDw2xSz3ELMH5sBuGmCf97x7S6iobjYhBX3UH44nIhccjW6OXimDFG5VETeKTO4PjarPHlyFD0UXdP0XekKZ6xephujkFaer1R3U-27PqJpxKduBA=w114-h86-k-no | https://lh3.googleusercontent.com/gps-cs-s/AHVAwerqOTJDigTy-BtLv1IV_QfJ8rp9E245Q7ahlW1EE9-Xu4TZj1EE0v4jovJHm9jgm6WFttILjwTqPn8P-At6ohcvCtaC1fsthsFis4XRctkWYgpbW3xacDtinXiZiLmO1zavZErS=w114-h86-k-no | https://lh3.googleusercontent.com/gps-cs-s/AHVAweoPNcJ6fV_YPuZR7iVNKxrsZaW9YPYqCHaMrDk8cLp3RWF3rjD4Blb77B8B0VQ1LvqLbV-_AzioQc_clP0fCOTBJGXGoedQhsx7-nEHuqLiNfn0rsuSF6fYCqoXhnUAPHKxfQleIg=w86-h114-k-no,,No Website Available
"Greystone Cafe, Bakery, and Provisions",BOS-AL-124,42.3452743,-71.1107339,"123 Appleton St, Boston, MA 02116, United States",2116,https://lh3.googleusercontent.com/gps-cs-s/AHVAwerWhd-H_k5PVgiDK_b1pdCiyU4iXJMRepEwnQd9-tOYYT-WGkpa60fIQjOkIdosEG-mx7b8oaUUgu5F8EQEx9mlTTw0XMma7rkJ7E2nfNzTvjBa1mLDvfCj-axEgeMQCdRN9DeJ=w32-h32-p-k-no | https://lh3.googleusercontent.com/gps-cs-s/AHVAweoFqlf5sTco0WCv6YTxjcCioUBhUUsHO922wdTEY2MgkpabKDQrrYAdyMJ8YCpYhB_r4JfVqSfUz0IKgFgx4MOdJYheSbs96TFH4RPYjzh_xawajWONZdk305yrmDvM8ZnlLFk=w32-h32-p-k-no | https://lh3.googleusercontent.com/gps-cs-s/AHVAwepQIt8yLPKUmMSPJG8dWY5VsuDw2xSz3ELMH5sBuGmCf97x7S6iobjYhBX3UH44nIhccjW6OXimDFG5VETeKTO4PjarPHlyFD0UXdP0XekKZ6xephujkFaer1R3U-27PqJpxKduBA=w114-h86-k-no | https://lh3.googleusercontent.com/gps-cs-s/AHVAwerqOTJDigTy-BtLv1IV_QfJ8rp9E245Q7ahlW1EE9-Xu4TZj1EE0v4jovJHm9jgm6WFttILjwTqPn8P-At6ohcvCtaC1fsthsFis4XRctkWYgpbW3xacDtinXiZiLmO1zavZErS=w114-h86-k-no | https://lh3.googleusercontent.com/gps-cs-s/AHVAweoPNcJ6fV_YPuZR7iVNKxrsZaW9YPYqCHaMrDk8cLp3RWF3rjD4Blb77B8B0VQ1LvqLbV-_AzioQc_clP0fCOTBJGXGoedQhsx7-nEHuqLiNfn0rsuSF6fYCqoXhnUAPHKxfQleIg=w86-h114-k-no,http://www.greystonecafe.com/,Menu detected but no text items found (Maybe Image/PDF)
Coffee Turco,BOS-AL-125,42.3538857,-71.173185,"483 Cambridge St, Allston, MA 02134, United States",2134,https://lh3.googleusercontent.com/p/AF1QipNEHKH_-HXaUrBbCfZc8QwaYuko0sGjXGD2bLQS=w80-h92-p-k-no | https://lh3.googleusercontent.com/gps-cs-s/AHVAweoPNcJ6fV_YPuZR7iVNKxrsZaW9YPYqCHaMrDk8cLp3RWF3rjD4Blb77B8B0VQ1LvqLbV-_AzioQc_clP0fCOTBJGXGoedQhsx7-nEHuqLiNfn0rsuSF6fYCqoXhnUAPHKxfQleIg=w80-h106-k-no | https://lh3.googleusercontent.com/gps-cs-s/AHVAwerqOTJDigTy-BtLv1IV_QfJ8rp9E245Q7ahlW1EE9-Xu4TZj1EE0v4jovJHm9jgm6WFttILjwTqPn8P-At6ohcvCtaC1fsthsFis4XRctkWYgpbW3xacDtinXiZiLmO1zavZErS=w122-h92-k-no | https://lh3.googleusercontent.com/gps-cs-s/AHVAwepQvZ1JFKvUhixHDQqsxlvpUN_xp7WZgao3yYGnPBSBY00Y4Ee3ykmZM00QclPRjzSa-o6wiC_N_nxsa6nx1tzK6_y67U7X03gdvqp2egljB9R5XrIqphvi3o_5vAiYPQFM5LscrA=w80-h106-k-no | https://lh3.googleusercontent.com/gps-cs-s/AHVAweqsQpJkDcpilh-LHreBhVJvUi8xiTnloNpXHbKFIbDeStYikKrQPQpy0DU0mtTZXAyrqOBkQ1G_w44kXiygC19M8EOMm5S_HN4c0eE4k_YdPU9xgMWFIrq2Sc3aIqEXSS3NNlcM=w176-h92-k-no,,No Website Available
@UNION,BOS-AL-126,42.3538857,-71.173185,"174 Harvard Ave, Boston, MA 02134, United States",2134,https://lh3.googleusercontent.com/gps-cs-s/AHVAwerqOTJDigTy-BtLv1IV_QfJ8rp9E245Q7ahlW1EE9-Xu4TZj1EE0v4jovJHm9jgm6WFttILjwTqPn8P-At6ohcvCtaC1fsthsFis4XRctkWYgpbW3xacDtinXiZiLmO1zavZErS=w32-h32-p-k-no | https://lh3.googleusercontent.com/p/AF1QipNEHKH_-HXaUrBbCfZc8QwaYuko0sGjXGD2bLQS=w80-h92-p-k-no | https://lh3.googleusercontent.com/gps-cs-s/AHVAweoPNcJ6fV_YPuZR7iVNKxrsZaW9YPYqCHaMrDk8cLp3RWF3rjD4Blb77B8B0VQ1LvqLbV-_AzioQc_clP0fCOTBJGXGoedQhsx7-nEHuqLiNfn0rsuSF6fYCqoXhnUAPHKxfQleIg=w80-h106-k-no | https://lh3.googleusercontent.com/gps-cs-s/AHVAwerqOTJDigTy-BtLv1IV_QfJ8rp9E245Q7ahlW1EE9-Xu4TZj1EE0v4jovJHm9jgm6WFttILjwTqPn8P-At6ohcvCtaC1fsthsFis4XRctkWYgpbW3xacDtinXiZiLmO1zavZErS=w122-h92-k-no | https://lh3.googleusercontent.com/gps-cs-s/AHVAwepQvZ1JFKvUhixHDQqsxlvpUN_xp7WZgao3yYGnPBSBY00Y4Ee3ykmZM00QclPRjzSa-o6wiC_N_nxsa6nx1tzK6_y67U7X03gdvqp2egljB9R5XrIqphvi3o_5vAiYPQFM5LscrA=w80-h106-k-no,,No Website Available
Sultana's Bakery & Cafe,BOS-AL-127,42.3538857,-71.173185,"1585 Commonwealth Ave, Boston, MA 02135, United States",2135,https://lh3.googleusercontent.com/gps-cs-s/AHVAwepSFCmKGnUefD8BE_uVTNK905Yexb1xLpAonqX4ZcPlkMBja5hRglrDbE63O8G-Ej11vVjLTcL8CHSPmSi5lZKIgXH9rwg6IMOAAwdYVLrJRxn_xZWIimnyCt1k1Aj7VAnW12eZ=w32-h32-p-k-no | https://lh3.googleusercontent.com/gps-cs-s/AHVAwerqOTJDigTy-BtLv1IV_QfJ8rp9E245Q7ahlW1EE9-Xu4TZj1EE0v4jovJHm9jgm6WFttILjwTqPn8P-At6ohcvCtaC1fsthsFis4XRctkWYgpbW3xacDtinXiZiLmO1zavZErS=w32-h32-p-k-no | https://lh3.googleusercontent.com/p/AF1QipNEHKH_-HXaUrBbCfZc8QwaYuko0sGjXGD2bLQS=w80-h92-p-k-no | https://lh3.googleusercontent.com/gps-cs-s/AHVAweoPNcJ6fV_YPuZR7iVNKxrsZaW9YPYqCHaMrDk8cLp3RWF3rjD4Blb77B8B0VQ1LvqLbV-_AzioQc_clP0fCOTBJGXGoedQhsx7-nEHuqLiNfn0rsuSF6fYCqoXhnUAPHKxfQleIg=w80-h106-k-no | https://lh3.googleusercontent.com/gps-cs-s/AHVAwerqOTJDigTy-BtLv1IV_QfJ8rp9E245Q7ahlW1EE9-Xu4TZj1EE0v4jovJHm9jgm6WFttILjwTqPn8P-At6ohcvCtaC1fsthsFis4XRctkWYgpbW3xacDtinXiZiLmO1zavZErS=w122-h92-k-no,https://sultanascafe.com/,Menu detected but no text items found (Maybe Image/PDF)
Caffè Nero,BOS-AL-128,42.3538857,-71.173185,"1047 Commonwealth Ave, Boston, MA 02215, United States",2215,https://lh3.googleusercontent.com/gps-cs-s/AHVAweqhijC4DfOHWUDccz6XHZf9NIKJ_aXIfwMuvp4E4jytd_iZuIdLTxWKlesqAnotBKAOTH5XkldTxa6F0c98mFeiN_zuQ-FmhyIGwnroveYIZ3y9ftP5hpTmyX9KCcMS58VsCH3dYw=w32-h32-p-k-no | https://lh3.googleusercontent.com/gps-cs-s/AHVAwepSFCmKGnUefD8BE_uVTNK905Yexb1xLpAonqX4ZcPlkMBja5hRglrDbE63O8G-Ej11vVjLTcL8CHSPmSi5lZKIgXH9rwg6IMOAAwdYVLrJRxn_xZWIimnyCt1k1Aj7VAnW12eZ=w32-h32-p-k-no | https://lh3.googleusercontent.com/p/AF1QipNEHKH_-HXaUrBbCfZc8QwaYuko0sGjXGD2bLQS=w80-h92-p-k-no | https://lh3.googleusercontent.com/gps-cs-s/AHVAweoPNcJ6fV_YPuZR7iVNKxrsZaW9YPYqCHaMrDk8cLp3RWF3rjD4Blb77B8B0VQ1LvqLbV-_AzioQc_clP0fCOTBJGXGoedQhsx7-nEHuqLiNfn0rsuSF6fYCqoXhnUAPHKxfQleIg=w80-h106-k-no | https://lh3.googleusercontent.com/gps-cs-s/AHVAwerqOTJDigTy-BtLv1IV_QfJ8rp9E245Q7ahlW1EE9-Xu4TZj1EE0v4jovJHm9jgm6WFttILjwTqPn8P-At6ohcvCtaC1fsthsFis4XRctkWYgpbW3xacDtinXiZiLmO1zavZErS=w122-h92-k-no,https://caffenero.com/us/,"SHAKEN ESPRESSO, Aeropress - Brewing Guide
Aeropress At Home, Aeropress - Brewing Guide"
Brighton Cafe,BOS-AL-129,42.3538857,-71.173185,"1597 Commonwealth Ave, Brighton, MA 02135, United States",2135,https://lh3.googleusercontent.com/gps-cs-s/AHVAweozHAItv_27F-y0S87OHOF7csRT6MViU0N0IDnVJIdwYHGbRZM8C8u-I2Yqj9Igmj9AY9kY07TV5NTCmiZw2TeCgKWx3iS5eaANiH1FNXc0SaaHT71_PTvJdNcJVo_q5YzeO_Co7w=w32-h32-p-k-no | https://lh3.googleusercontent.com/gps-cs-s/AHVAweqhijC4DfOHWUDccz6XHZf9NIKJ_aXIfwMuvp4E4jytd_iZuIdLTxWKlesqAnotBKAOTH5XkldTxa6F0c98mFeiN_zuQ-FmhyIGwnroveYIZ3y9ftP5hpTmyX9KCcMS58VsCH3dYw=w32-h32-p-k-no | https://lh3.googleusercontent.com/p/AF1QipNEHKH_-HXaUrBbCfZc8QwaYuko0sGjXGD2bLQS=w80-h92-p-k-no | https://lh3.googleusercontent.com/gps-cs-s/AHVAweoPNcJ6fV_YPuZR7iVNKxrsZaW9YPYqCHaMrDk8cLp3RWF3rjD4Blb77B8B0VQ1LvqLbV-_AzioQc_clP0fCOTBJGXGoedQhsx7-nEHuqLiNfn0rsuSF6fYCqoXhnUAPHKxfQleIg=w80-h106-k-no | https://lh3.googleusercontent.com/gps-cs-s/AHVAwerqOTJDigTy-BtLv1IV_QfJ8rp9E245Q7ahlW1EE9-Xu4TZj1EE0v4jovJHm9jgm6WFttILjwTqPn8P-At6ohcvCtaC1fsthsFis4XRctkWYgpbW3xacDtinXiZiLmO1zavZErS=w122-h92-k-no,http://brighton-cafe-brighton.lany.io/,Menu detected but no text items found (Maybe Image/PDF)
Solid Ground Cafe,BOS-AL-130,42.3336876,-71.1415089,"742 Huntington Ave, Boston, MA 02115, United States",2115,https://lh3.googleusercontent.com/gps-cs-s/AHVAwepiF5JHGSsSLOsVNvfjgMpL5iEJnKx0GawJfhQzAc--nCyXukXV4AcvF-ilwrszAZ65JphoQaQ-QRW8x9BGl67l0FPVmMh4cWPkUxusCGlpXa08b1draTSrw4LE316dwIX0jzDUgw=w32-h32-p-k-no | https://lh3.googleusercontent.com/gps-cs-s/AHVAweozHAItv_27F-y0S87OHOF7csRT6MViU0N0IDnVJIdwYHGbRZM8C8u-I2Yqj9Igmj9AY9kY07TV5NTCmiZw2TeCgKWx3iS5eaANiH1FNXc0SaaHT71_PTvJdNcJVo_q5YzeO_Co7w=w32-h32-p-k-no | https://lh3.googleusercontent.com/p/AF1QipNEHKH_-HXaUrBbCfZc8QwaYuko0sGjXGD2bLQS=w80-h92-p-k-no | https://lh3.googleusercontent.com/gps-cs-s/AHVAweoPNcJ6fV_YPuZR7iVNKxrsZaW9YPYqCHaMrDk8cLp3RWF3rjD4Blb77B8B0VQ1LvqLbV-_AzioQc_clP0fCOTBJGXGoedQhsx7-nEHuqLiNfn0rsuSF6fYCqoXhnUAPHKxfQleIg=w80-h106-k-no | https://lh3.googleusercontent.com/gps-cs-s/AHVAwerqOTJDigTy-BtLv1IV_QfJ8rp9E245Q7ahlW1EE9-Xu4TZj1EE0v4jovJHm9jgm6WFttILjwTqPn8P-At6ohcvCtaC1fsthsFis4XRctkWYgpbW3xacDtinXiZiLmO1zavZErS=w122-h92-k-no,http://solidgroundcafe.com/,Menu detected but no text items found (Maybe Image/PDF)
Cafe Landwer,BOS-AL-131,42.3352748,-71.186415,"383 Chestnut Hill Ave, Boston, MA 02135, United States",2135,https://lh3.googleusercontent.com/gps-cs-s/AHVAwep6OZFamkxckp10oM2Z6cIMuMI0whunT8b8gnzihjxEnPvEkPyWooV70d3qqMZ_KgTbS5CNVdl_e3o3r1M4H6pct3K_Z6C41J8vyv3S_122hxl9CtKbfQC-r9-Ft-9Ja8MaAS0=w32-h32-p-k-no | https://lh3.googleusercontent.com/gps-cs-s/AHVAwepiF5JHGSsSLOsVNvfjgMpL5iEJnKx0GawJfhQzAc--nCyXukXV4AcvF-ilwrszAZ65JphoQaQ-QRW8x9BGl67l0FPVmMh4cWPkUxusCGlpXa08b1draTSrw4LE316dwIX0jzDUgw=w32-h32-p-k-no | https://lh3.googleusercontent.com/p/AF1QipNEHKH_-HXaUrBbCfZc8QwaYuko0sGjXGD2bLQS=w80-h92-p-k-no | https://lh3.googleusercontent.com/gps-cs-s/AHVAweoPNcJ6fV_YPuZR7iVNKxrsZaW9YPYqCHaMrDk8cLp3RWF3rjD4Blb77B8B0VQ1LvqLbV-_AzioQc_clP0fCOTBJGXGoedQhsx7-nEHuqLiNfn0rsuSF6fYCqoXhnUAPHKxfQleIg=w80-h106-k-no | https://lh3.googleusercontent.com/gps-cs-s/AHVAwerqOTJDigTy-BtLv1IV_QfJ8rp9E245Q7ahlW1EE9-Xu4TZj1EE0v4jovJHm9jgm6WFttILjwTqPn8P-At6ohcvCtaC1fsthsFis4XRctkWYgpbW3xacDtinXiZiLmO1zavZErS=w122-h92-k-no,http://www.landwercafe.com/,Menu detected but no text items found (Maybe Image/PDF)
Cafe Brazil Bakery,BOS-AL-132,42.3523263,-71.1681086,"125 Harvard Ave, Allston, MA 02134, United States",2134,https://lh3.googleusercontent.com/gps-cs-s/AHVAweqF2QiaTgIo2bH1pY7o11G0TVqmdyYZQMsWShb-lTh0NWGSpcezGp8L_UHNC04DJdY8reE0JYgHHl0EeJILiRKLfDWnygDkkPGAbpQC4x3uomFul4Fj2eBLuVPdsg2tvpGDMLwn=w32-h32-p-k-no | https://lh3.googleusercontent.com/gps-cs-s/AHVAwep6OZFamkxckp10oM2Z6cIMuMI0whunT8b8gnzihjxEnPvEkPyWooV70d3qqMZ_KgTbS5CNVdl_e3o3r1M4H6pct3K_Z6C41J8vyv3S_122hxl9CtKbfQC-r9-Ft-9Ja8MaAS0=w32-h32-p-k-no | https://lh3.googleusercontent.com/p/AF1QipNEHKH_-HXaUrBbCfZc8QwaYuko0sGjXGD2bLQS=w80-h92-p-k-no | https://lh3.googleusercontent.com/gps-cs-s/AHVAweoPNcJ6fV_YPuZR7iVNKxrsZaW9YPYqCHaMrDk8cLp3RWF3rjD4Blb77B8B0VQ1LvqLbV-_AzioQc_clP0fCOTBJGXGoedQhsx7-nEHuqLiNfn0rsuSF6fYCqoXhnUAPHKxfQleIg=w80-h106-k-no | https://lh3.googleusercontent.com/gps-cs-s/AHVAwerqOTJDigTy-BtLv1IV_QfJ8rp9E245Q7ahlW1EE9-Xu4TZj1EE0v4jovJHm9jgm6WFttILjwTqPn8P-At6ohcvCtaC1fsthsFis4XRctkWYgpbW3xacDtinXiZiLmO1zavZErS=w122-h92-k-no,http://cafebrazilbakery.com/,Menu detected but no text items found (Maybe Image/PDF)
Flour Bakery + Cafe,BOS-AL-133,42.3730418,-71.1584565,"114 Mt Auburn St, Cambridge, MA 02138, United States",2138,https://lh3.googleusercontent.com/gps-cs-s/AHVAwerSiki8yyNF7vcqwP8jPx7sl3yXSYzat6Fq8S7fsJ08pJQOwRJj3rhU0VTC1KjuVWHzIwNYHmIgr0uiOw1bvLlwwwr3meHRc3MmcYNJscPtbN9W78G8ENT-uX37dMugWxFfcOfCcw=w122-h92-k-no | https://lh3.googleusercontent.com/gps-cs-s/AHVAweqhijC4DfOHWUDccz6XHZf9NIKJ_aXIfwMuvp4E4jytd_iZuIdLTxWKlesqAnotBKAOTH5XkldTxa6F0c98mFeiN_zuQ-FmhyIGwnroveYIZ3y9ftP5hpTmyX9KCcMS58VsCH3dYw=w122-h92-k-no | https://lh3.googleusercontent.com/gps-cs-s/AHVAwepwcynEfPZCC3UqinBe557l_AMOSuQtZIjQMbI4n8d5heLEQgd0US-MMjn3oPLzbQiNmXE4R86pZ5nGxdYdF6xcpflrMesekwBbzy-MZjGq4JbNEsZhO4RrD3zybN1qDu8QWfr2oW_n3YQD=w122-h92-k-no | https://lh3.googleusercontent.com/gps-cs-s/AHVAwer6fXcg7-juqfWvtgzLl3d7-Cjv4MPfhMC4FUY4RdhUgrk1Vm8aqG6176dWDimsMKIIRIXHKAxmLL401dtqXU4oRO_r-dhZOPJfKcU8IQceGD2-oDeZrjGHYeV2-8WpJwzvwIY5gw=w80-h106-k-no | https://lh3.googleusercontent.com/gps-cs-s/AHVAweoW8Ucg2hyAY-VF7MhvnNKOdDRmrgBubhgOkpPMZH7mlH4T6jWDtwbx_9vQMRRr04IsAZ2mYY3EMzW4JX3O15Dpo16j1uyZK3rsDNDDWY50Ar6ey6CUlJERwDiZwphi1Eb2VJ4b=w122-h92-k-no,http://www.flourbakery.com/,Menu detected but no text items found (Maybe Image/PDF)
Asaro Bakery and Cafe,BOS-AL-134,42.3730418,-71.1584565,"1629 Cambridge St, Cambridge, MA 02138, United States",2138,,http://asarocafe.com/,Menu detected but no text items found (Maybe Image/PDF)
Dolce Vita Cafe,BOS-AL-135,42.3412505,-71.1826521,"1698 Commonwealth Ave, Boston, MA 02135, United States",2135,https://lh3.googleusercontent.com/gps-cs-s/AHVAwersRHa39JNhkF51gImj4wcQYUulXZgJWN_y4O4NugRt514ZxSk_9HG-D5QVSy4LeYx9CufK0qQxEc8sJP8u0KhDxzr-NvxMeUgFx9Z33zNol96loxpzUMnvQfj_--oJaW9YCYo=w32-h32-p-k-no | https://lh3.googleusercontent.com/gps-cs-s/AHVAweojkygLyh4q5LYWocbe6lXqsIUQ0I7J69nkdZVhQzKYYYtpG4W7AZoDSu-TdaC8i4PMqtt4Ha6RhO6LxBpr2lcTVt-hj03-MHTr54Wx3y45n-UrB3P0yrhuCJSl2Z7SDGdBibQiXw=w32-h32-p-k-no | https://lh3.googleusercontent.com/gps-cs-s/AHVAwerSiki8yyNF7vcqwP8jPx7sl3yXSYzat6Fq8S7fsJ08pJQOwRJj3rhU0VTC1KjuVWHzIwNYHmIgr0uiOw1bvLlwwwr3meHRc3MmcYNJscPtbN9W78G8ENT-uX37dMugWxFfcOfCcw=w122-h92-k-no | https://lh3.googleusercontent.com/gps-cs-s/AHVAweqhijC4DfOHWUDccz6XHZf9NIKJ_aXIfwMuvp4E4jytd_iZuIdLTxWKlesqAnotBKAOTH5XkldTxa6F0c98mFeiN_zuQ-FmhyIGwnroveYIZ3y9ftP5hpTmyX9KCcMS58VsCH3dYw=w122-h92-k-no | https://lh3.googleusercontent.com/gps-cs-s/AHVAwepwcynEfPZCC3UqinBe557l_AMOSuQtZIjQMbI4n8d5heLEQgd0US-MMjn3oPLzbQiNmXE4R86pZ5nGxdYdF6xcpflrMesekwBbzy-MZjGq4JbNEsZhO4RrD3zybN1qDu8QWfr2oW_n3YQD=w122-h92-k-no,http://www.thedolcevitacafe.com/,"(freshly brewed, not syrup added), Mocha Mint, Raspberry Mocha, ESPRESSO BAR, Espresso  1shot  double shot, Cafe Latte   $, Cappuccino, Cafe Mocha, Americano, Caramel Latte, Caramel Mocha, Macchiato, Caramel Macchiato, Hazelnut Latte, Vanilla Latte, Pumpkin Latte, Chai Latte, ICED ESPRESSO DRINKS, Iced Latte, Iced Caramel Latte, Iced Mocha Latte, Iced Caramel Mocha, Iced Hazenut caramel Latte, Iced Vanilla Latte, Iced Pumpkin Latte, Iced Americano, Iced Chai Latte, FRESHLY BREWED"
Sorelle Bakery & Cafe,BOS-AL-136,42.3533142,-71.0890489,"282 Congress St, Boston, MA 02210, United States",2210,https://lh3.googleusercontent.com/gps-cs-s/AHVAweqtDYYjRYZqHNlIlT2dcSDL5aQ0vqs0ghHsZ2Cx4B81QGdX6j7G1j-cAZGqrcsijAEH7IidneECJt-rkKWEYPUn5ALSB1J-YABntKjfaK4dbvmqbPkm7JKbSgmWGPn10yBKSfw7XA=w32-h32-p-k-no | https://lh3.googleusercontent.com/gps-cs-s/AHVAwersRHa39JNhkF51gImj4wcQYUulXZgJWN_y4O4NugRt514ZxSk_9HG-D5QVSy4LeYx9CufK0qQxEc8sJP8u0KhDxzr-NvxMeUgFx9Z33zNol96loxpzUMnvQfj_--oJaW9YCYo=w32-h32-p-k-no | https://lh3.googleusercontent.com/gps-cs-s/AHVAwerSiki8yyNF7vcqwP8jPx7sl3yXSYzat6Fq8S7fsJ08pJQOwRJj3rhU0VTC1KjuVWHzIwNYHmIgr0uiOw1bvLlwwwr3meHRc3MmcYNJscPtbN9W78G8ENT-uX37dMugWxFfcOfCcw=w122-h92-k-no | https://lh3.googleusercontent.com/gps-cs-s/AHVAweqhijC4DfOHWUDccz6XHZf9NIKJ_aXIfwMuvp4E4jytd_iZuIdLTxWKlesqAnotBKAOTH5XkldTxa6F0c98mFeiN_zuQ-FmhyIGwnroveYIZ3y9ftP5hpTmyX9KCcMS58VsCH3dYw=w122-h92-k-no | https://lh3.googleusercontent.com/gps-cs-s/AHVAwepwcynEfPZCC3UqinBe557l_AMOSuQtZIjQMbI4n8d5heLEQgd0US-MMjn3oPLzbQiNmXE4R86pZ5nGxdYdF6xcpflrMesekwBbzy-MZjGq4JbNEsZhO4RrD3zybN1qDu8QWfr2oW_n3YQD=w122-h92-k-no,https://www.sorellecafe.com/,Menu detected but no text items found (Maybe Image/PDF)
