Shop Name,Menu Item,Price
Kohi Coffee Company,Batch Brew,$3.75
Kohi Coffee Company,,$3.75
Kohi Coffee Company,NoLA Cold Brew,$6.00
Kohi Coffee Company,$6.00 - $7.00,$6.00
Kohi Coffee Company,SO Cold Brew,$5.25
Kohi Coffee Company,$5.25 - $6.25,$5.25
Kohi Coffee Company,‘Spro Tonic,$6.00
Kohi Coffee Company,,$6.00
Kohi Coffee Company,Cortado,$5.25
Kohi Coffee Company,,$5.25
Kohi Coffee Company,Cappuccino,$5.75
Kohi Coffee Company,,$5.75
Kohi Coffee Company,Latte,$6.25
Kohi Coffee Company,,$6.25
Kohi Coffee Company,NoLA Latte,$7.25
Kohi Coffee Company,,$7.25
Kohi Coffee Company,Mocha,$7.25
Kohi Coffee Company,Race Point Espresso,$21.00
Kohi Coffee Company,Kohi Standard Instant,$17.00
Kohi Coffee Company,KōHI Standard,$22.00
Kohi Coffee Company,Race Point Instant,$17.00
Kohi Coffee Company,Kohi Graphic Mugs,$15.00
Kohi Coffee Company,"Pullover Heavyweight Hoodie ""Rizzo Cup""",$55.00
Kohi Coffee Company,Kohi Miir Tumbler,$30.00
Kohi Coffee Company,Kohi Miir Sip Tumbler,$36.00
Kohi Coffee Company,Rizzo Limited Edition Tote '24,$27.00
Kohi Coffee Company,Kohi Tote Bag.,$15.00
Kohi Coffee Company,Toddy Cold Brew System,$45.00
Kohi Coffee Company,Chemex Unbleached Folded Filters,$11.00
Kohi Coffee Company,Dripper Filters,$6.00
Turkish Lazuri Cafe,Lentil Soup,$6.95
Turkish Lazuri Cafe,Lahmacun (3 Pcs),$19.95
Turkish Lazuri Cafe,Lazuri Chicken Bowl,$17.95
Turkish Lazuri Cafe,Etli Nohut (Chickpeas Stew),$19.95
Turkish Lazuri Cafe,Chicken Soup,$6.95
Turkish Lazuri Cafe,Meat Soup (Kelle Paca),$8.95
Turkish Lazuri Cafe,Cacik (Turkish Yogurt),$6.95
Turkish Lazuri Cafe,Hummus,$10.50
Turkish Lazuri Cafe,Baba Ghanoush,$10.50
Turkish Lazuri Cafe,Ezme Salad,$10.50
Turkish Lazuri Cafe,Turkish Aubergine (Soslu Patlican),$10.50
Turkish Lazuri Cafe,Stuffed Grape Leaves (Dolma),$10.50
Turkish Lazuri Cafe,Çig Köfte,$10.50
Turkish Lazuri Cafe,Spinach Pie,$9.95
Turkish Lazuri Cafe,Stuffed Cheese Phyllo (Sigara Borek),$10.50
Turkish Lazuri Cafe,Falafel,$10.50
Turkish Lazuri Cafe,Içli Köfte (Stuffed Meatball),$13.95
Turkish Lazuri Cafe,Grilled Veggie Wrap,$12.50
Turkish Lazuri Cafe,Chicken Shish Wrap,$12.50
Turkish Lazuri Cafe,Chicken Doner Wrap,$12.50
Turkish Lazuri Cafe,Chicken Kofte Wrap,$12.50
Turkish Lazuri Cafe,Chicken Adana Wrap,$12.50
Turkish Lazuri Cafe,Adana Wrap,$13.50
Turkish Lazuri Cafe,Doner Wrap,$13.50
Turkish Lazuri Cafe,Mixed Döner Wrap,$13.50
Turkish Lazuri Cafe,Kofte Wrap,$13.50
Turkish Lazuri Cafe,Falafel Wrap,$12.50
Turkish Lazuri Cafe,Çiğ Köfte Wrap,$12.50
Turkish Lazuri Cafe,Lazuri Dürüm,$16.50
Turkish Lazuri Cafe,Lazuri Veggie Bowl,$17.95
Turkish Lazuri Cafe,Lazuri Lamb Bowl,$18.95
Turkish Lazuri Cafe,Lahmacun,$7.50
Turkish Lazuri Cafe,Gözleme,$16.95
Turkish Lazuri Cafe,Combo Gözleme,$18.95
Turkish Lazuri Cafe,Cheese Pide,$18.95
Turkish Lazuri Cafe,Veggie Pide,$18.95
Turkish Lazuri Cafe,Spinach Pide (Ispanakli),$18.95
Turkish Lazuri Cafe,Kiymali Pide,$19.95
Turkish Lazuri Cafe,Sucuklu Pide,$20.95
Turkish Lazuri Cafe,Doner Pide,$20.95
Turkish Lazuri Cafe,Kusbasi Pide,$21.95
Turkish Lazuri Cafe,Combo Pide,$23.95
Turkish Lazuri Cafe,Fatma's Burger,$16.50
Turkish Lazuri Cafe,Falafel Dinner,$18.95
Turkish Lazuri Cafe,Veggie Casserole,$18.95
Turkish Lazuri Cafe,Turkish Dumplings (Manti),$22.95
Turkish Lazuri Cafe,Chicken Wings Kebab,$20.95
Turkish Lazuri Cafe,Chicken Shish Kebab,$20.95
Turkish Lazuri Cafe,Chicken Doner Kebab,$20.95
Turkish Lazuri Cafe,Chicken Kofte Kebab,$20.95
Turkish Lazuri Cafe,Chicken Adana Kebab,$20.95
Turkish Lazuri Cafe,Chicken Chops,$20.95
Turkish Lazuri Cafe,Chicken Combo Kebab,$30.95
Turkish Lazuri Cafe,Adana Kebab,$23.95
Turkish Lazuri Cafe,Mixed Adana Kebab,$23.95
Turkish Lazuri Cafe,Kofte Kebab,$23.95
Turkish Lazuri Cafe,Mixed Kofte Kebab,$25.95
Turkish Lazuri Cafe,Doner Kebab (Gyro),$24.95
Turkish Lazuri Cafe,Iskender Kebab,$25.95
Turkish Lazuri Cafe,Mixed Gyro Kebab,$24.95
Turkish Lazuri Cafe,Salmon,$24.95
Turkish Lazuri Cafe,Sea Bass (Levrek),$24.95
Turkish Lazuri Cafe,Beyti Kebab,$25.95
Turkish Lazuri Cafe,Lamb Shish Kebab,$26.95
Turkish Lazuri Cafe,Mixed Shish Kebab,$29.95
Turkish Lazuri Cafe,Lamb Chops,$35.95
Turkish Lazuri Cafe,Combo Kebab,$34.95
Turkish Lazuri Cafe,Laz Ziya Special,$99.95
Turkish Lazuri Cafe,Mediterranean Salad,$6.95
Turkish Lazuri Cafe,Greek Salad,$6.95
Turkish Lazuri Cafe,Shepherd Salad,$7.95
Turkish Lazuri Cafe,Pistachio Cream (7 oz),$7.95
Turkish Lazuri Cafe,Baklava (Pistachio),$7.95
Turkish Lazuri Cafe,Chocolate Baklava (Pistachio),$7.95
Turkish Lazuri Cafe,Baklava (Walnut),$7.95
Turkish Lazuri Cafe,Cold Baklava (Pistachio),$7.95
Turkish Lazuri Cafe,Kazandibi (Milk Pudding),$7.95
Turkish Lazuri Cafe,Tres Leches Cake,$8.50
Turkish Lazuri Cafe,Sütlac (Rice Pudding),$7.95
Turkish Lazuri Cafe,Kunefe,$11.95
Turkish Lazuri Cafe,Turkish Katmer,$11.95
Turkish Lazuri Cafe,Dubai Chocolate Bar,$4.95
Turkish Lazuri Cafe,Kadayif,$7.95
Turkish Lazuri Cafe,Turkish Gullac,$7.95
Turkish Lazuri Cafe,Sekerpare,$7.50
Turkish Lazuri Cafe,Carrot Shaped Baklava,$6.95
Turkish Lazuri Cafe,Homemade Plain Yogurt,$6.95
Turkish Lazuri Cafe,Rice (Pilav),$6.95
Turkish Lazuri Cafe,Bulgur Pilav,$6.95
Turkish Lazuri Cafe,French Fries,$6.50
Turkish Lazuri Cafe,Homemade Dip Sauce,$7.95
Turkish Lazuri Cafe,Chicken Wings (5pcs),$10.95
Turkish Lazuri Cafe,Lazuri Kids Meal,$11.95
Turkish Lazuri Cafe,Homemade Bread,$1.95
Turkish Lazuri Cafe,Pita Bread,$1.95
Turkish Lazuri Cafe,Lavash,$1.50
Turkish Lazuri Cafe,Turkish Juice (Meyve Suyu),$3.75
Turkish Lazuri Cafe,Turkish Soda (Gazoz),$3.75
Turkish Lazuri Cafe,Ayran (Yogurt Drink),$3.95
Turkish Lazuri Cafe,Homemade Ayran,$3.95
Turkish Lazuri Cafe,Salgam Suyu (Turnip Juice),$3.75
Turkish Lazuri Cafe,Can Soda,$2.50
Turkish Lazuri Cafe,Mineral Water,$3.50
Turkish Lazuri Cafe,San Pellegrino,$3.75
Turkish Lazuri Cafe,Poland Spring Water,$1.95
Turkish Lazuri Cafe,Classic Mojito,$6.00
Turkish Lazuri Cafe,Churchill,$6.00
Turkish Lazuri Cafe,Ottoman Sherbet,$7.00
Turkish Lazuri Cafe,Istanbul Fizz,$7.00
Turkish Lazuri Cafe,Sultan,$7.00
Turkish Lazuri Cafe,Lazuri Twist,$7.00
Turkish Lazuri Cafe,Cranberry Mint Cooler,$7.00
Turkish Lazuri Cafe,Iced Tea,$5.00
Turkish Lazuri Cafe,Turkish Tea,$1.95
Turkish Lazuri Cafe,Turkish Coffee,$3.95
Turkish Lazuri Cafe,Regular Drip Coffee,$3.95
Turkish Lazuri Cafe,Espresso,$2.95
Turkish Lazuri Cafe,Latte,$5.50
Turkish Lazuri Cafe,Americano,$4.50
Turkish Lazuri Cafe,Macchiato,$4.50
Turkish Lazuri Cafe,Cappuccino,$5.50
Turkish Lazuri Cafe,Mocha,$5.75
Turkish Lazuri Cafe,Honey Cinnamon Latte,$6.50
Turkish Lazuri Cafe,Pink Cold Foam Latte,$6.50
Turkish Lazuri Cafe,Pistachio Latte,$6.95
Turkish Lazuri Cafe,Nutella Latte,$6.95
Turkish Lazuri Cafe,Tiramisu Latte,$6.95
Turkish Lazuri Cafe,Kunefe Latte,$7.50
Turkish Lazuri Cafe,Turkish Delight Roll (Lokum),$1.95
Turkish Lazuri Cafe,Pistachio Baklava,$3.25
Turkish Lazuri Cafe,Walnut Baklava,$3.25
Turkish Lazuri Cafe,Chocolate Baklava,$2.50
Turkish Lazuri Cafe,Cold Baklava,$7.50
Turkish Lazuri Cafe,Salty Cookies,$0.99
Turkish Lazuri Cafe,Sugar Cookies,$0.99
Turkish Lazuri Cafe,Flavor Cookies,$1.50
Turkish Lazuri Cafe,Tahini Cookie,$2.95
Turkish Lazuri Cafe,Lazuri Chocolate Gift Box,$25.00
Turkish Lazuri Cafe,Chocolate Pieces,$0.75
Turkish Lazuri Cafe,Dubai Chocolate Bar,$4.95
Turkish Lazuri Cafe,Profiterole,$8.50
Turkish Lazuri Cafe,Supangle,$8.50
Turkish Lazuri Cafe,Eclair,$1.75
Turkish Lazuri Cafe,Tres Leches Cake,$8.50
Turkish Lazuri Cafe,Red Velvet Cake,$9.95
Turkish Lazuri Cafe,Purple Velvet Cake,$9.95
Turkish Lazuri Cafe,Pistachio Cake,$10.50
Turkish Lazuri Cafe,Orange Cheesecake,$8.95
Turkish Lazuri Cafe,Magnolia Pudding,$8.50
Turkish Lazuri Cafe,Dubai Chocolate Cake,$10.50
Turkish Lazuri Cafe,Chocolate Cake,$9.50
Turkish Lazuri Cafe,Strawberry Cheesecake,$8.95
Turkish Lazuri Cafe,Caramel Cake,$8.95
Turkish Lazuri Cafe,Raspberry Cake,$8.95
Turkish Lazuri Cafe,Blackberry Cake,$8.95
Turkish Lazuri Cafe,Pistachio Cream Cake,$9.50
Turkish Lazuri Cafe,Fruit Cake,$8.95
Turkish Lazuri Cafe,Chocolate Dome Cake,$8.50
Turkish Lazuri Cafe,Brownie Cake,$8.50
Turkish Lazuri Cafe,Vanilla Cake,$8.95
Turkish Lazuri Cafe,Malaga Cake,$10.50
Turkish Lazuri Cafe,Pistachio Dome Cake,$8.50
Turkish Lazuri Cafe,Caramel Cheesecake,$8.95
Turkish Lazuri Cafe,Ibiza Cake,$9.95
Turkish Lazuri Cafe,Mango Cake,$8.95
Turkish Lazuri Cafe,Tiramisu Cake,$8.95
Turkish Lazuri Cafe,Fruit 3D Dessert,$7.95
Turkish Lazuri Cafe,Biscoff Cheesecake,$8.95
Turkish Lazuri Cafe,Cream Cake,$8.95
Turkish Lazuri Cafe,Turkish Bun (Pogaca),$2.95
Turkish Lazuri Cafe,Turkish Croissant (Acma),$3.50
Turkish Lazuri Cafe,Turkish Bagel (Simit),$2.95
Turkish Lazuri Cafe,Crossiant Sandwich,$4.95
Turkish Lazuri Cafe,Mini Pizza,$4.95
Turkish Lazuri Cafe,Chocolate Bomb,$4.95
Turkish Lazuri Cafe,Moon Pie,$3.95
Turkish Lazuri Cafe,Mini Pide,$4.95
Turkish Lazuri Cafe,Feta Cheese Borek,$7.99
Turkish Lazuri Cafe,Ground Beef Borek,$7.99
Turkish Lazuri Cafe,Potato Borek,$7.99
Turkish Lazuri Cafe,Sigara Boregi,$5.95
Turkish Lazuri Cafe,Izmir Boyoz Börek (Flaky Pastry),$5.95
Turkish Lazuri Cafe,Menemen (Turkish Egg Dish),$12.95
Turkish Lazuri Cafe,Sucuklu Yumurta,$13.95
Turkish Lazuri Cafe,1 Egg any Style,$3.95
Turkish Lazuri Cafe,2 Egg any Style,$6.95
Turkish Lazuri Cafe,Egg & Cheese Sandwich,$6.95
Turkish Lazuri Cafe,Steak & Egg Sandwich,$9.95
Turkish Lazuri Cafe,Cheese Omelette,$10.95
Turkish Lazuri Cafe,Spinach & Feta Omelette,$12.95
Turkish Lazuri Cafe,Steak & Cheese Omelette,$14.95
Turkish Lazuri Cafe,"Utensil Set (Fork, Knife, Napkin)",$10.00
Turkish Lazuri Cafe,Menemen Cater,$90.00
Turkish Lazuri Cafe,Breakfast Plate Cater,$125.00
Turkish Lazuri Cafe,Turkish Mixed Pickles (Tursu) Cater,$60.00
Turkish Lazuri Cafe,Cacik (Turkish Yogurt) Cater,$65.00
Turkish Lazuri Cafe,Humus Cater,$65.00
Turkish Lazuri Cafe,Baba Ghanoush Cater,$65.00
Turkish Lazuri Cafe,Ezme Salad Cater,$65.00
Turkish Lazuri Cafe,Turkish Aubergine Cater,$65.00
Turkish Lazuri Cafe,Çığ Köfte Cater,$65.00
Turkish Lazuri Cafe,Stuffed Grape Leaves (Dolma) Cater,$80.00
Turkish Lazuri Cafe,Spinach Pie Cater,$65.00
Turkish Lazuri Cafe,Sigara Borek Cater,$65.00
Turkish Lazuri Cafe,Falafel Cater,$65.00
Turkish Lazuri Cafe,Turkish Zucchini Fritters (Mucver) Cater,$65.00
Turkish Lazuri Cafe,Hummus Veggie Wrap Cater,$85.00
Turkish Lazuri Cafe,Grape Leaves Wrap Cater,$85.00
Turkish Lazuri Cafe,Chicken Doner Wrap Cater,$85.00
Turkish Lazuri Cafe,Chicken Shish Wrap Cater,$85.00
Turkish Lazuri Cafe,Chicken Kofte Wrap Cater,$85.00
Turkish Lazuri Cafe,Chicken Adana Wrap Cater,$85.00
Turkish Lazuri Cafe,Adana Wrap Cater,$95.00
Turkish Lazuri Cafe,Kofte Wrap Cater,$95.00
Turkish Lazuri Cafe,Doner (Gyro) Wrap Cater,$95.00
Turkish Lazuri Cafe,Mixed Gyro Wrap Cater,$95.00
Turkish Lazuri Cafe,Falafel Wrap Cater,$85.00
Turkish Lazuri Cafe,Grilled Veggie Wrap Cater,$85.00
Turkish Lazuri Cafe,Lahmacun Cater,$100.00
Turkish Lazuri Cafe,Gözleme Cater,$140.00
Turkish Lazuri Cafe,Combo Gözleme Cater,$160.00
Turkish Lazuri Cafe,Cheese Pide Cater,$160.00
Turkish Lazuri Cafe,Veggie Pide Cater,$160.00
Turkish Lazuri Cafe,Spinach Pide Cater,$160.00
Turkish Lazuri Cafe,Kiymali Pide Cater,$160.00
Turkish Lazuri Cafe,Sucuklu Pide Cater,$170.00
Turkish Lazuri Cafe,Doner Pide Cater,$170.00
Turkish Lazuri Cafe,Chicken Wings Cater,$85.00
Turkish Lazuri Cafe,Chicken Shish Cater,$90.00
Turkish Lazuri Cafe,Chicken Doner Cater,$90.00
Turkish Lazuri Cafe,Chicken Kofte Cater,$90.00
Turkish Lazuri Cafe,Chicken Adana Cater,$90.00
Turkish Lazuri Cafe,Chicken Chops Cater,$95.00
Turkish Lazuri Cafe,Lamb Adana Cater,$130.00
Turkish Lazuri Cafe,Lamb Kofte Cater,$130.00
Turkish Lazuri Cafe,Doner (Gyro) Cater,$130.00
Turkish Lazuri Cafe,Lamb Shish Cater,$140.00
Turkish Lazuri Cafe,Chicken Wings Cater,$155.00
Turkish Lazuri Cafe,Chicken Shish Cater,$160.00
Turkish Lazuri Cafe,Chicken Doner Cater,$160.00
Turkish Lazuri Cafe,Chicken Kofte Cater,$160.00
Turkish Lazuri Cafe,Chicken Adana Cater,$160.00
Turkish Lazuri Cafe,Chicken Chops Cater,$165.00
Turkish Lazuri Cafe,Lamb Adana Cater,$180.00
Turkish Lazuri Cafe,Lamb Kofte Cater,$180.00
Turkish Lazuri Cafe,Doner (Gyro) Cater,$180.00
Turkish Lazuri Cafe,Lamb Shish Cater,$190.00
Turkish Lazuri Cafe,Lentil Soup Cater,$50.00
Turkish Lazuri Cafe,Chicken and Lemon Soup Cater,$50.00
Turkish Lazuri Cafe,Turkish Meat Soup (Paca Corbasi) Cater,$60.00
Turkish Lazuri Cafe,Rice (Pilav) Cater,$55.00
Turkish Lazuri Cafe,Bulgur (Pilav) Cater,$55.00
Turkish Lazuri Cafe,Pita Bread Cater,$15.00
Turkish Lazuri Cafe,Homemade Bread Cater,$15.00
Turkish Lazuri Cafe,Walnut Baklava Tray,$50.00
Turkish Lazuri Cafe,Pistachio Baklava Tray,$50.00
Turkish Lazuri Cafe,Chocolate Baklava Tray,$55.00
Turkish Lazuri Cafe,Tres Leches Cake Tray,$75.00
Turkish Lazuri Cafe,Kazandibi Tray,$75.00
Turkish Lazuri Cafe,Cold Baklava Tray,$60.00
Turkish Lazuri Cafe,Rice Pudding Cater,$55.00
"Greystone Cafe, Bakery, and Provisions",Latte,$4.75
"Greystone Cafe, Bakery, and Provisions",Matcha Latte,$5.15
"Greystone Cafe, Bakery, and Provisions",Add Espresso shot,$1.20
"Greystone Cafe, Bakery, and Provisions",Americano,$3.55
"Greystone Cafe, Bakery, and Provisions",Batch Brew,$3.50
"Greystone Cafe, Bakery, and Provisions",Black Tulip,$4.75
"Greystone Cafe, Bakery, and Provisions",Cafe au Lait,$2.95
"Greystone Cafe, Bakery, and Provisions",Cappuccino,$4.15
"Greystone Cafe, Bakery, and Provisions",Cold Brew,$4.25
"Greystone Cafe, Bakery, and Provisions",Cortado,$3.55
"Greystone Cafe, Bakery, and Provisions",Flat White,$4.15
"Greystone Cafe, Bakery, and Provisions",Iced Coffee,$4.10
"Greystone Cafe, Bakery, and Provisions",Mocha,$5.30
"Greystone Cafe, Bakery, and Provisions",Specialty Pourover,$4.75
"Greystone Cafe, Bakery, and Provisions",Espresso Macchiato,$3.45
"Greystone Cafe, Bakery, and Provisions",Maple Sparkling Americano,$5.90
"Greystone Cafe, Bakery, and Provisions",Spicy Turmeric Tonic,$2.75
"Greystone Cafe, Bakery, and Provisions",Peppermint,$2.75
"Greystone Cafe, Bakery, and Provisions",Green,$2.75
"Greystone Cafe, Bakery, and Provisions",English Breakfast,$2.75
"Greystone Cafe, Bakery, and Provisions",Earl Grey,$2.75
"Greystone Cafe, Bakery, and Provisions",Blood Orange Hibiscus,$2.75
"Greystone Cafe, Bakery, and Provisions",Lemon Chamomile,$2.75
"Greystone Cafe, Bakery, and Provisions",Spicy Chai,$2.75
"Greystone Cafe, Bakery, and Provisions",Ginger Lemon,$2.75
"Greystone Cafe, Bakery, and Provisions",Cederberg Cinnamon,$2.75
"Greystone Cafe, Bakery, and Provisions",Iced Green Tea,$3.30
"Greystone Cafe, Bakery, and Provisions",Iced Black Tea,$3.30
"Greystone Cafe, Bakery, and Provisions",Iced Blood Orange Hibiscus,$3.30
"Greystone Cafe, Bakery, and Provisions",Half Iced Tea/Half Lemonade,$3.30
"Greystone Cafe, Bakery, and Provisions",Chai Latte,$3.85
"Greystone Cafe, Bakery, and Provisions",Golden Latte,$4.95
"Greystone Cafe, Bakery, and Provisions",London Fog,$4.95
"Greystone Cafe, Bakery, and Provisions",Lavender Lemonade,$3.50
"Greystone Cafe, Bakery, and Provisions",Housemade Shirley Temple Spritzer,$4.00
"Greystone Cafe, Bakery, and Provisions",Hot Chocolate,$4.40
"Greystone Cafe, Bakery, and Provisions",Babycino,$1.65
"Greystone Cafe, Bakery, and Provisions",Kids' Cold Milk,$1.65
"Greystone Cafe, Bakery, and Provisions",Garden Party,$6.00
"Greystone Cafe, Bakery, and Provisions",Spindrift- Lemon,$2.85
"Greystone Cafe, Bakery, and Provisions",Spindrift - Blood Orange Tangerine,$2.85
"Greystone Cafe, Bakery, and Provisions",Spindrift - Lime,$2.85
"Greystone Cafe, Bakery, and Provisions",Wild Berries Lime & Basil Culture Pop Probiotic Soda,$2.99
"Greystone Cafe, Bakery, and Provisions",Ginger & Lemon Culture Pop Probiotic Soda,$2.99
"Greystone Cafe, Bakery, and Provisions",Strawberry & Rhubarb Culture Pop Probiotic Soda,$2.99
"Greystone Cafe, Bakery, and Provisions",Topo Chico Sparkling Mineral Water,$3.95
"Greystone Cafe, Bakery, and Provisions",Orange Juice,$3.85
"Greystone Cafe, Bakery, and Provisions",Bottled Water,$2.85
"Greystone Cafe, Bakery, and Provisions",Cup Of Water (With Ice),$0.10
"Greystone Cafe, Bakery, and Provisions",Cup Of Water (No Ice),$0.10
"Greystone Cafe, Bakery, and Provisions",Health Ade Kombucha: Pink Lady Apple,$3.99
"Greystone Cafe, Bakery, and Provisions",Humankind Strawberry Lemonade,$3.00
"Greystone Cafe, Bakery, and Provisions",Almond Croissant,$5.25
"Greystone Cafe, Bakery, and Provisions",Apple Cake,$4.20
"Greystone Cafe, Bakery, and Provisions",Cheddar Biscuit,$4.25
"Greystone Cafe, Bakery, and Provisions",Chocolate Chip Cookie,$3.30
"Greystone Cafe, Bakery, and Provisions",Chocolate Croissant,$4.95
"Greystone Cafe, Bakery, and Provisions",Date Ball,$2.50
"Greystone Cafe, Bakery, and Provisions",Egg Cup: Chive And Cheddar,$2.25
"Greystone Cafe, Bakery, and Provisions",Spinach And Feta Galette,$6.25
"Greystone Cafe, Bakery, and Provisions",Pesto Pizza Galette (Nut-free),$6.25
"Greystone Cafe, Bakery, and Provisions",Gluten-Friendly Brownie,$2.75
"Greystone Cafe, Bakery, and Provisions",Ham and Cheese Croissant,$5.95
"Greystone Cafe, Bakery, and Provisions",Mini Muffin,$2.00
"Greystone Cafe, Bakery, and Provisions",Morning Bun,$4.25
"Greystone Cafe, Bakery, and Provisions",Muffin,$3.30
"Greystone Cafe, Bakery, and Provisions",Overnight Oats,$5.50
"Greystone Cafe, Bakery, and Provisions",Parfait,$6.00
"Greystone Cafe, Bakery, and Provisions",Peanut Butter Cookie,$3.00
"Greystone Cafe, Bakery, and Provisions",Scone,$3.95
"Greystone Cafe, Bakery, and Provisions",Dark Chocolate Tahini Banana Bread Slice,$4.50
"Greystone Cafe, Bakery, and Provisions",Vegan Oatmeal Cream Pie (GF),$4.95
"Greystone Cafe, Bakery, and Provisions",Vegan Orange Marmalade Crisp Jam Bar,$5.50
"Greystone Cafe, Bakery, and Provisions",Matcha Dulcey Choc Cookie,$3.25
"Greystone Cafe, Bakery, and Provisions",Sea Salt Cape Cod Chips,$2.00
"Greystone Cafe, Bakery, and Provisions",Sea Salt & Vinegar Cape Cod Chips,$2.00
"Greystone Cafe, Bakery, and Provisions",Dog Biscuit,$0.50
"Greystone Cafe, Bakery, and Provisions",Steel Cut Oats,$7.50
"Greystone Cafe, Bakery, and Provisions",Greystone Granola,$12.10
"Greystone Cafe, Bakery, and Provisions",Texas Trash,$6.50
"Greystone Cafe, Bakery, and Provisions",Dog Biscuit Pack,$9.00
"Greystone Cafe, Bakery, and Provisions",Maple Pecan Butter,$14.00
"Greystone Cafe, Bakery, and Provisions",Green goddess spread,$6.50
"Greystone Cafe, Bakery, and Provisions",Housemade Mocha Almonds,$8.00
"Greystone Cafe, Bakery, and Provisions",Housemade Italian Cashews,$8.00
"Greystone Cafe, Bakery, and Provisions",Housemade Sweet and Spicy Pecans,$8.00
"Greystone Cafe, Bakery, and Provisions",Housemade Vanilla Bean Syrup,$11.00
"Greystone Cafe, Bakery, and Provisions",Housemade Peppermint Syrup,$11.00
"Greystone Cafe, Bakery, and Provisions",Housemade Earl Grey Syrup,$11.00
"Greystone Cafe, Bakery, and Provisions",Half Gallon Chai Concentrate,$28.00
"Greystone Cafe, Bakery, and Provisions",Half Gallon Cold Brew,$26.00
"Greystone Cafe, Bakery, and Provisions",Chocolate Chip Cookies Mini sleeve,$9.00
"Greystone Cafe, Bakery, and Provisions",Graza Drizzle,$21.00
"Greystone Cafe, Bakery, and Provisions",Graza Sizzle,$16.00
"Greystone Cafe, Bakery, and Provisions",Titin Finishing Olive Oil Early Harvest (Green label),$30.00
"Greystone Cafe, Bakery, and Provisions",Titin Universal Olive Oil (Yellow label),$20.00
"Greystone Cafe, Bakery, and Provisions",Black Cherry Bonne Maman Jam,$7.80
"Greystone Cafe, Bakery, and Provisions",Edmund Fallot Whole Grain Mustard,$6.50
"Greystone Cafe, Bakery, and Provisions",Edmund Fallot Smooth Dijon Mustard,$6.50
"Greystone Cafe, Bakery, and Provisions",Not Just Salad Dressing - Dilly Ranch,$10.00
"Greystone Cafe, Bakery, and Provisions",Date Better Hazelnut Praline,$7.00
"Greystone Cafe, Bakery, and Provisions",Date Better Peanut Butter Crunch,$7.00
"Greystone Cafe, Bakery, and Provisions",Date Better Snickerdoodle Cookie,$7.00
"Greystone Cafe, Bakery, and Provisions",Toma Bloody Mary Mixer Clasico,$10.00
"Greystone Cafe, Bakery, and Provisions",Toma Bloody Mary Mixer Picante,$17.00
"Greystone Cafe, Bakery, and Provisions",Tost Rose Beverage (Non-alcoholic),$8.50
"Greystone Cafe, Bakery, and Provisions",Wildwood - Berry Berry,$17.99
"Greystone Cafe, Bakery, and Provisions",Wildwood - Cardamom and honey caramel,$16.36
"Greystone Cafe, Bakery, and Provisions",Ghostrider,$17.00
"Greystone Cafe, Bakery, and Provisions",Humbler,$15.00
"Greystone Cafe, Bakery, and Provisions",Cold Brew Maker 1.0L Ovalware,$35.99
"Greystone Cafe, Bakery, and Provisions",Mem Tea Golden Green Tea,$12.00
"Greystone Cafe, Bakery, and Provisions",Mem Tea English Breakfast,$12.00
"Greystone Cafe, Bakery, and Provisions",Greystone Tote Bag,$20.00
"Greystone Cafe, Bakery, and Provisions",Toddler Greystone Hoodie,$27.00
"Greystone Cafe, Bakery, and Provisions",White T-Shirt,$30.00
"Greystone Cafe, Bakery, and Provisions",Grey T-Shirt,$30.00
"Greystone Cafe, Bakery, and Provisions",Onesie,$20.00
"Greystone Cafe, Bakery, and Provisions",Butter Ornament,$17.00
"Greystone Cafe, Bakery, and Provisions",Paw Print Ornament,$17.00
"Greystone Cafe, Bakery, and Provisions",Woody Car Ornament,$17.00
"Greystone Cafe, Bakery, and Provisions",City Christmas Gift Bag Medium,$6.50
"Greystone Cafe, Bakery, and Provisions",Red Velvet Ribbon,$12.50
"Greystone Cafe, Bakery, and Provisions",Gold Sparkle Tissue Paper,$5.50
"Greystone Cafe, Bakery, and Provisions",Candy Cane Gift Hang Tags,$10.50
"Greystone Cafe, Bakery, and Provisions",Decorative Labels Pack Of 19,$6.60
"Greystone Cafe, Bakery, and Provisions",Candlefish #76,$22.00
"Greystone Cafe, Bakery, and Provisions",Small Spinning Tree Candle,$15.00
"Greystone Cafe, Bakery, and Provisions",Candlefish #100 Mini,$12.00
"Greystone Cafe, Bakery, and Provisions",Candle Snuffer,$12.00
"Greystone Cafe, Bakery, and Provisions",Greystone Mug - Cream,$18.00
"Greystone Cafe, Bakery, and Provisions",Greystone Mug - Grey,$18.00
"Greystone Cafe, Bakery, and Provisions",Linen Tales: Green Potholder,$20.00
"Greystone Cafe, Bakery, and Provisions",Linen Tales: Kitchen Apron,$50.00
"Greystone Cafe, Bakery, and Provisions",Single Metal Reusable Straw,$3.00
"Greystone Cafe, Bakery, and Provisions",Reclaimed wood charcuterie board,$24.00
"Greystone Cafe, Bakery, and Provisions",Greeting Card,$6.00
"Greystone Cafe, Bakery, and Provisions",Add wooden gift box,$3.00
"Greystone Cafe, Bakery, and Provisions","Add wooden gift box, cellophane, and ribbon",$5.00
Solid Ground Cafe,Build Your Own Egg Sandwich,$4.50
Solid Ground Cafe,Toasted Bagel & Spread,$3.50
Solid Ground Cafe,iced latte,$4.85
Solid Ground Cafe,Bag Fee,$0.10
Solid Ground Cafe,Pay It Forward Sandwich,$6.75
Solid Ground Cafe,Pay It Forward Beverage,$3.50
Solid Ground Cafe,Pay It Forward Bakery Item,$3.00
Solid Ground Cafe,maple latte w/smoked sea salt,$5.35
Solid Ground Cafe,hot shamrock matcha,$5.35
Solid Ground Cafe,hot raspberry mocha,$5.35
Solid Ground Cafe,hot rose vanilla latte macchiato,$5.35
Solid Ground Cafe,hot drip coffee,$3.25
Solid Ground Cafe,cafe au lait,$3.75
Solid Ground Cafe,hot tea,$3.50
Solid Ground Cafe,latte,$4.75
Solid Ground Cafe,double espresso,$3.50
Solid Ground Cafe,espresso macchiato,$3.75
Solid Ground Cafe,cortado,$4.00
Solid Ground Cafe,cappuccino,$4.50
Solid Ground Cafe,flat white,$4.50
Solid Ground Cafe,americano,$3.75
Solid Ground Cafe,latte macchiato,$4.75
Solid Ground Cafe,masala chai latte,$5.00
Solid Ground Cafe,saffron chai latte,$5.00
Solid Ground Cafe,matcha latte,$5.00
Solid Ground Cafe,London fog,$4.75
Solid Ground Cafe,turmeric ginger latte,$4.75
Solid Ground Cafe,mocha,$5.00
Solid Ground Cafe,hot chocolate,$4.75
Solid Ground Cafe,iced maple latte w/smoked sea salt,$5.35
Solid Ground Cafe,iced shamrock matcha latte,$5.35
Solid Ground Cafe,iced rose vanilla latte macchiato,$5.35
Solid Ground Cafe,iced raspberry mocha,$5.35
Solid Ground Cafe,iced coffee,$3.75
Solid Ground Cafe,cold brew coffee,$4.85
Solid Ground Cafe,iced latte macchiato,$4.85
Solid Ground Cafe,espresso over ice,$3.50
Solid Ground Cafe,iced mocha,$5.10
Solid Ground Cafe,iced tea,$3.50
Solid Ground Cafe,Arnold Palmer,$3.50
Solid Ground Cafe,iced americano,$4.50
Solid Ground Cafe,espresso tonic,$4.50
Solid Ground Cafe,iced masala chai latte,$5.00
Solid Ground Cafe,iced saffron chai latte,$5.00
Solid Ground Cafe,iced matcha latte,$5.00
Solid Ground Cafe,iced London fog,$4.75
Solid Ground Cafe,Manila sunrise,$4.10
Solid Ground Cafe,Passion Potion,$4.10
Solid Ground Cafe,iced turmeric ginger latte,$4.75
Solid Ground Cafe,lemonade,$3.50
Solid Ground Cafe,matcha lemonade,$4.35
Solid Ground Cafe,cold milk,$3.00
Solid Ground Cafe,Rock Solid,$10.00
Solid Ground Cafe,Gardener,$9.00
Solid Ground Cafe,"Greens, Egg, & Ham",$9.50
Solid Ground Cafe,Reuben,$14.00
Solid Ground Cafe,Turkey Avocado Club,$11.50
Solid Ground Cafe,Chipotle Chicken Melt,$12.50
Solid Ground Cafe,Wicked Tuna,$11.00
Solid Ground Cafe,Mediterranean,$11.00
Solid Ground Cafe,Lucia Special,$8.00
Solid Ground Cafe,Italian Pressed,$11.00
Solid Ground Cafe,Ham & Swiss,$9.50
Solid Ground Cafe,Cranberry Chicken Salad,$12.00
Solid Ground Cafe,Forager,$10.00
Solid Ground Cafe,bagel,$2.00
Solid Ground Cafe,maple pecan sticky bun,$4.50
Solid Ground Cafe,croissant,$4.00
Solid Ground Cafe,blueberry muffin,$4.00
Solid Ground Cafe,London fog scone,$3.75
Solid Ground Cafe,honey butter biscuit,$3.25
Solid Ground Cafe,chocolate chip cookie w/sea salt,$3.25
Solid Ground Cafe,Ginger molasses cookie,$3.00
Solid Ground Cafe,oatmeal raisin cookie,$3.00
Solid Ground Cafe,Raspberry Poptart,$5.00
Solid Ground Cafe,apple cider pint,$3.50
Solid Ground Cafe,Better Booch Citrus Sunrise,$4.45
Solid Ground Cafe,Better Booch Ginger Boost,$4.45
Solid Ground Cafe,Better Booch Golden Pear,$4.45
Solid Ground Cafe,Better Booch Morning Glory,$4.45
Solid Ground Cafe,Canada Dry ginger ale can,$1.50
Solid Ground Cafe,Cape Cod Chips Original,$1.17
Solid Ground Cafe,Coca-Cola can,$1.50
Solid Ground Cafe,Diet Coke can,$1.50
Solid Ground Cafe,Nantucket Nectars Apple Juice,$2.50
Solid Ground Cafe,Poland Spring 16.9 oz,$1.50
Solid Ground Cafe,San Pellegrino Lemon,$1.64
Solid Ground Cafe,San Pellegrino Orange,$1.64
Solid Ground Cafe,Spindrift Grapefruit,$2.25
Solid Ground Cafe,Spindrift Lemon,$2.25
Solid Ground Cafe,Spindrift Orange Mango,$2.25
Solid Ground Cafe,Spindrift Strawberry Lemonade,$2.25
Solid Ground Cafe,Open Water Sparkling Water,$2.60
Solid Ground Cafe,Cucumber Celery Green Juice - NOBL,$6.50
Solid Ground Cafe,Blossom beans,$18.00
Solid Ground Cafe,Sunrise beans,$18.00
Solid Ground Cafe,Colombia Caturra Chiroso,$20.00
Solid Ground Cafe,Ethiopia Guji Natrual,$18.00
Solid Ground Cafe,Frosted SGC T-Shirt,$20.00
Solid Ground Cafe,SGC Winter Beanie,$18.00
Solid Ground Cafe,SGC Tote Bag,$20.00
Solid Ground Cafe,Kid's Neighborhoodie,$30.00
Solid Ground Cafe,SGC Neighborhood Tumbler,$35.00
Solid Ground Cafe,SGC Glow Sticker,$2.00
Solid Ground Cafe,Crab sticker,$2.00
Solid Ground Cafe,Neighborhood sticker,$2.00
Sorelle Bakery & Cafe,Egg & Cheddar Cheese Bagel Sandwiches,$6.25
Sorelle Bakery & Cafe,Bagels,$4.75
Sorelle Bakery & Cafe,Caramel Latte,$5.50
Sorelle Bakery & Cafe,Blueberry Muffins,$3.95
Sorelle Bakery & Cafe,Scones,$4.95
Sorelle Bakery & Cafe,Croissants,$4.65
Sorelle Bakery & Cafe,Almond Filled Croissants,$4.95
Sorelle Bakery & Cafe,Chocolate Filled Croissants,$4.95
Sorelle Bakery & Cafe,Nutella Banana Bread,$4.75
Sorelle Bakery & Cafe,Brownie,$4.25
Sorelle Bakery & Cafe,Raspberry Oatmeal Bar,$4.25
Sorelle Bakery & Cafe,Carrot Cake,$4.50
Sorelle Bakery & Cafe,Magic Bar,$4.25
Sorelle Bakery & Cafe,Cookie,$3.25
Sorelle Bakery & Cafe,Cinnamon Bun,$5.25
Sorelle Bakery & Cafe,Cheesecake,$5.95
Sorelle Bakery & Cafe,Sticky Bun,$5.25
Sorelle Bakery & Cafe,Almond Tart,$5.50
Sorelle Bakery & Cafe,Apple Pie with Whipped Cream,$5.95
Sorelle Bakery & Cafe,Fruit /Lemon Tarts,$5.50
Sorelle Bakery & Cafe,Lemon Ricotta Pound Cake,$4.75
Sorelle Bakery & Cafe,"Egg White, Avocado, Swiss Bagel Sandwich",$8.75
Sorelle Bakery & Cafe,Salmon Bagel Sandwich,$11.95
Sorelle Bakery & Cafe,Açaí Bowl,$12.95
Sorelle Bakery & Cafe,Fresh Fruit Cup,$5.50
Sorelle Bakery & Cafe,Yogurt Granola Fruit Parfait,$6.95
Sorelle Bakery & Cafe,Steel Cut Irish Oatmeal,$5.50
Sorelle Bakery & Cafe,Avocado Toast,$10.95
Sorelle Bakery & Cafe,Banana & Nutella Toast,$7.95
Sorelle Bakery & Cafe,Sorelle Club,$13.25
Sorelle Bakery & Cafe,Southwestern Chicken,$13.75
Sorelle Bakery & Cafe,The Italian,$13.25
Sorelle Bakery & Cafe,Smashed Avocado & Chickpea,$12.25
Sorelle Bakery & Cafe,"Bacon, Lettuce & Tomato",$12.50
Sorelle Bakery & Cafe,"Prosciutto, Fig & Goat Cheese",$14.25
Sorelle Bakery & Cafe,Roast Salmon & Avocado Sandwich,$14.50
Sorelle Bakery & Cafe,Turkey Cranberry & Cheddar,$12.95
Sorelle Bakery & Cafe,Roast Beef Swiss & Tomato,$12.95
Sorelle Bakery & Cafe,Tuna Aioli,$12.75
Sorelle Bakery & Cafe,Chicken Pomodoro,$13.50
Sorelle Bakery & Cafe,Mediterranean Lavash,$11.95
Sorelle Bakery & Cafe,Med Lavash w/Chicken,$14.95
Sorelle Bakery & Cafe,Roasted Turkey Sandwich,$11.95
Sorelle Bakery & Cafe,Country Ham Sandwich,$11.75
Sorelle Bakery & Cafe,Chicken Breast Sandwich,$12.25
Sorelle Bakery & Cafe,Roast Beef Sandwich,$11.95
Sorelle Bakery & Cafe,Tuna Salad Sandwich,$11.75
Sorelle Bakery & Cafe,Cubano,$13.25
Sorelle Bakery & Cafe,Caprese,$11.95
Sorelle Bakery & Cafe,Caprese w/Chicken,$14.95
Sorelle Bakery & Cafe,"Tuna, Swiss & Tomato",$12.75
Sorelle Bakery & Cafe,"Turkey, Bacon & Cheddar",$13.25
Sorelle Bakery & Cafe,"Chicken, Provolone & Roasted Peppers",$13.50
Sorelle Bakery & Cafe,"Ham, Apple & Swiss",$12.95
Sorelle Bakery & Cafe,Mexican Meatballs Soup,$6.25
Sorelle Bakery & Cafe,Mixed Greens,$6.95
Sorelle Bakery & Cafe,Mixed Greens w/Chicken,$9.95
Sorelle Bakery & Cafe,Chicken Cobb Salad,$14.25
Sorelle Bakery & Cafe,Salmon & Avocado Salad,$15.25
Sorelle Bakery & Cafe,Mediterranean Salad,$11.95
Sorelle Bakery & Cafe,Mediterranean Salad w/Chicken,$14.95
Sorelle Bakery & Cafe,Kale Caesar Salad,$10.95
Sorelle Bakery & Cafe,Kale Caesar Salad w/Chicken,$13.95
Sorelle Bakery & Cafe,Italian Chopped,$13.25
Sorelle Bakery & Cafe,Cape Cod Chips,$2.39
Sorelle Bakery & Cafe,Joe's Chips,$2.69
Sorelle Bakery & Cafe,Multigrain Chips,$2.89
Sorelle Bakery & Cafe,Blue Corn Chips,$2.89
Sorelle Bakery & Cafe,Terra Chips,$2.89
Sorelle Bakery & Cafe,Sweet Potato Chips,$2.69
Sorelle Bakery & Cafe,Salt & Vinegar Chips,$2.69
Sorelle Bakery & Cafe,Bacon Cheddar Chips,$2.69
Sorelle Bakery & Cafe,Barbecue Potato Chips,$2.69
Sorelle Bakery & Cafe,Jalapeño Chips,$2.69
Sorelle Bakery & Cafe,Sour Cream & Onion Chips,$2.69
Sorelle Bakery & Cafe,Salted Joe's Chips,$2.69
Sorelle Bakery & Cafe,Brewed Coffee,$3.75
Sorelle Bakery & Cafe,Decaf Brewed Coffee,$3.75
Sorelle Bakery & Cafe,Caffe Latte,$4.95
Sorelle Bakery & Cafe,Cappuccino,$4.95
Sorelle Bakery & Cafe,Americano,$4.25
Sorelle Bakery & Cafe,Caffe Mocha,$5.50
Sorelle Bakery & Cafe,Pistachio Latte,$5.50
Sorelle Bakery & Cafe,Vanilla Maple Latte,$5.75
Sorelle Bakery & Cafe,Hot Chocolate,$4.50
Sorelle Bakery & Cafe,Box Hot Chocolate,$34.95
Sorelle Bakery & Cafe,Hot Water/Cup,$1.00
Sorelle Bakery & Cafe,Machiatto,$4.25
Sorelle Bakery & Cafe,Loose Tea,$3.50
Sorelle Bakery & Cafe,Tea Satchels,$3.50
Sorelle Bakery & Cafe,Chai Spice Latte,$4.95
Sorelle Bakery & Cafe,Matcha Latte,$5.25
Sorelle Bakery & Cafe,London Fog Tea Latte,$4.75
Sorelle Bakery & Cafe,Turmeric Golden Milk Latte-Sm,$4.25
Sorelle Bakery & Cafe,Turmeric Golden Milk Latte-Lg,$4.75
Sorelle Bakery & Cafe,Rooibos Tea Latte-Sm,$4.75
Sorelle Bakery & Cafe,Lg Turmeric golden lady,$5.95
Sorelle Bakery & Cafe,Korean Strawberry Milk,$5.25
Sorelle Bakery & Cafe,Fruit Smoothie,$7.25
Sorelle Bakery & Cafe,Iced Coffee,$3.75
Sorelle Bakery & Cafe,Iced Latte,$5.25
Sorelle Bakery & Cafe,Iced Tea,$3.75
Sorelle Bakery & Cafe,Iced Chai Latte,$4.95
Sorelle Bakery & Cafe,Iced Matcha Tea Latte,$5.25
Sorelle Bakery & Cafe,Iced London Fog Tea Latte,$4.95
Sorelle Bakery & Cafe,Iced Chocolate Milk,$4.75
Sorelle Bakery & Cafe,Homemade Lemonade,$4.25
Sorelle Bakery & Cafe,Iced Americano Small,$3.95
Sorelle Bakery & Cafe,Iced Americano Large,$4.75
Sorelle Bakery & Cafe,Iced London Fog-Sm,$4.95
Sorelle Bakery & Cafe,Iced London Fog-Lg,$5.50
Sorelle Bakery & Cafe,Iced Mocha - Sm,$5.50
Sorelle Bakery & Cafe,Iced Mocha- Lg,$5.95
Sorelle Bakery & Cafe,Iced Vanilla Maple Latte - Sm,$5.75
Sorelle Bakery & Cafe,Iced Vanilla Maple Latte -Lg,$6.25
Sorelle Bakery & Cafe,Iced Pistachio Latte -Sm,$5.50
Sorelle Bakery & Cafe,Iced Pistachio Latte -Lg,$5.95
Sorelle Bakery & Cafe,Half Half -Sm,$4.25
Sorelle Bakery & Cafe,Half & Half- Lg,$4.75
Sorelle Bakery & Cafe,Iced Turmeric Milk Latte-Lg,$4.95
Sorelle Bakery & Cafe,Coca-Cola/Diet Coke Can,$2.95
Sorelle Bakery & Cafe,Poland Springs Water,$2.95
Sorelle Bakery & Cafe,Natalie's Lemonade,$4.75
Sorelle Bakery & Cafe,San Pellegrino Sparkling Mineral Water,$3.50
Sorelle Bakery & Cafe,Spindrift Seltzers,$2.95
Sorelle Bakery & Cafe,Harney & Sons Tea,$3.75
Sorelle Bakery & Cafe,Boylan Soda,$3.50
Sorelle Bakery & Cafe,Vita Coco,$4.25
Sorelle Bakery & Cafe,Health Ade Kombucha,$5.95
Sorelle Bakery & Cafe,Red Jacket Apple Juices,$4.50
Sorelle Bakery & Cafe,Pressed Raw Juices/Smoothies,$6.75
